{
  "macro_f1": 0.776647978202111,
  "report": {
    "0": {
      "precision": 0.796923076923077,
      "recall": 0.8491803278688524,
      "f1-score": 0.8222222222222222,
      "support": 610.0
    },
    "1": {
      "precision": 0.8992042440318302,
      "recall": 0.9783549783549783,
      "f1-score": 0.9371112646855563,
      "support": 693.0
    },
    "2": {
      "precision": 0.9870212092434315,
      "recall": 0.9763276553106213,
      "f1-score": 0.9816453105814942,
      "support": 15968.0
    },
    "3": {
      "precision": 0.6002475247524752,
      "recall": 0.6802244039270687,
      "f1-score": 0.6377383300460223,
      "support": 713.0
    },
    "4": {
      "precision": 0.764102564102564,
      "recall": 0.6962616822429907,
      "f1-score": 0.7286063569682152,
      "support": 214.0
    },
    "5": {
      "precision": 0.5666666666666667,
      "recall": 0.5862068965517241,
      "f1-score": 0.576271186440678,
      "support": 29.0
    },
    "6": {
      "precision": 0.8,
      "recall": 0.7111111111111111,
      "f1-score": 0.7529411764705882,
      "support": 45.0
    },
    "accuracy": 0.9560529772329247,
    "macro avg": {
      "precision": 0.7734521836742921,
      "recall": 0.7825238650524781,
      "f1-score": 0.776647978202111,
      "support": 18272.0
    },
    "weighted avg": {
      "precision": 0.958513247287437,
      "recall": 0.9560529772329247,
      "f1-score": 0.9570440777369699,
      "support": 18272.0
    }
  },
  "confusion_matrix": [
    [
      518,
      1,
      38,
      46,
      7,
      0,
      0
    ],
    [
      1,
      678,
      14,
      0,
      0,
      0,
      0
    ],
    [
      38,
      74,
      15590,
      253,
      10,
      0,
      3
    ],
    [
      78,
      0,
      131,
      485,
      17,
      0,
      2
    ],
    [
      11,
      0,
      16,
      24,
      149,
      12,
      2
    ],
    [
      2,
      0,
      1,
      0,
      8,
      17,
      1
    ],
    [
      2,
      1,
      5,
      0,
      4,
      1,
      32
    ]
  ],
  "labels": [
    0,
    1,
    2,
    3,
    4,
    5,
    6
  ]
}