{
  "macro_f1": 0.7770012802277352,
  "report": {
    "0": {
      "precision": 0.8006042296072508,
      "recall": 0.8688524590163934,
      "f1-score": 0.8333333333333334,
      "support": 610.0
    },
    "1": {
      "precision": 0.8992042440318302,
      "recall": 0.9783549783549783,
      "f1-score": 0.9371112646855563,
      "support": 693.0
    },
    "2": {
      "precision": 0.9857296205089348,
      "recall": 0.9776427855711423,
      "f1-score": 0.9816695488130797,
      "support": 15968.0
    },
    "3": {
      "precision": 0.6140583554376657,
      "recall": 0.6493688639551192,
      "f1-score": 0.6312201772324472,
      "support": 713.0
    },
    "4": {
      "precision": 0.7602040816326531,
      "recall": 0.6962616822429907,
      "f1-score": 0.7268292682926829,
      "support": 214.0
    },
    "5": {
      "precision": 0.5714285714285714,
      "recall": 0.5517241379310345,
      "f1-score": 0.5614035087719298,
      "support": 29.0
    },
    "6": {
      "precision": 0.8048780487804879,
      "recall": 0.7333333333333333,
      "f1-score": 0.7674418604651163,
      "support": 45.0
    },
    "accuracy": 0.9566549912434326,
    "macro avg": {
      "precision": 0.7765867359181992,
      "recall": 0.7793626057721417,
      "f1-score": 0.7770012802277352,
      "support": 18272.0
    },
    "weighted avg": {
      "precision": 0.9580202453548678,
      "recall": 0.9566549912434326,
      "f1-score": 0.9571731518424017,
      "support": 18272.0
    }
  },
  "confusion_matrix": [
    [
      530,
      1,
      41,
      31,
      7,
      0,
      0
    ],
    [
      1,
      678,
      14,
      0,
      0,
      0,
      0
    ],
    [
      32,
      74,
      15611,
      238,
      10,
      0,
      3
    ],
    [
      84,
      0,
      147,
      463,
      17,
      0,
      2
    ],
    [
      11,
      0,
      18,
      22,
      149,
      12,
      2
    ],
    [
      2,
      0,
      1,
      0,
      9,
      16,
      1
    ],
    [
      2,
      1,
      5,
      0,
      4,
      0,
      33
    ]
  ],
  "labels": [
    0,
    1,
    2,
    3,
    4,
    5,
    6
  ]
}