{
  "macro_f1": 0.7813686170691346,
  "report": {
    "0": {
      "precision": 0.7847730600292826,
      "recall": 0.8786885245901639,
      "f1-score": 0.8290796597061099,
      "support": 610.0
    },
    "1": {
      "precision": 0.8691232528589581,
      "recall": 0.987012987012987,
      "f1-score": 0.9243243243243243,
      "support": 693.0
    },
    "2": {
      "precision": 0.9851010101010101,
      "recall": 0.9772044088176353,
      "f1-score": 0.9811368209255533,
      "support": 15968.0
    },
    "3": {
      "precision": 0.6226950354609929,
      "recall": 0.6157082748948106,
      "f1-score": 0.6191819464033851,
      "support": 713.0
    },
    "4": {
      "precision": 0.7814207650273224,
      "recall": 0.6682242990654206,
      "f1-score": 0.7204030226700252,
      "support": 214.0
    },
    "5": {
      "precision": 0.5806451612903226,
      "recall": 0.6206896551724138,
      "f1-score": 0.6,
      "support": 29.0
    },
    "6": {
      "precision": 0.813953488372093,
      "recall": 0.7777777777777778,
      "f1-score": 0.7954545454545454,
      "support": 45.0
    },
    "accuracy": 0.9555056917688266,
    "macro avg": {
      "precision": 0.7768159675914259,
      "recall": 0.7893294181901727,
      "f1-score": 0.7813686170691346,
      "support": 18272.0
    },
    "weighted avg": {
      "precision": 0.9564239892072982,
      "recall": 0.9555056917688266,
      "f1-score": 0.9556658567698759,
      "support": 18272.0
    }
  },
  "confusion_matrix": [
    [
      536,
      3,
      40,
      24,
      7,
      0,
      0
    ],
    [
      1,
      684,
      8,
      0,
      0,
      0,
      0
    ],
    [
      39,
      96,
      15604,
      219,
      7,
      0,
      3
    ],
    [
      91,
      3,
      163,
      439,
      15,
      0,
      2
    ],
    [
      12,
      0,
      21,
      23,
      143,
      13,
      2
    ],
    [
      2,
      0,
      1,
      0,
      7,
      18,
      1
    ],
    [
      2,
      1,
      3,
      0,
      4,
      0,
      35
    ]
  ],
  "labels": [
    0,
    1,
    2,
    3,
    4,
    5,
    6
  ]
}