{
  "macro_f1": 0.7667592240006095,
  "report": {
    "0": {
      "precision": 0.753120665742025,
      "recall": 0.8901639344262295,
      "f1-score": 0.8159278737791135,
      "support": 610.0
    },
    "1": {
      "precision": 0.9042553191489362,
      "recall": 0.9812409812409812,
      "f1-score": 0.9411764705882353,
      "support": 693.0
    },
    "2": {
      "precision": 0.9879770992366412,
      "recall": 0.9726327655310621,
      "f1-score": 0.9802448876546327,
      "support": 15968.0
    },
    "3": {
      "precision": 0.5712545676004872,
      "recall": 0.6577840112201964,
      "f1-score": 0.6114732724902217,
      "support": 713.0
    },
    "4": {
      "precision": 0.7580645161290323,
      "recall": 0.6588785046728972,
      "f1-score": 0.705,
      "support": 214.0
    },
    "5": {
      "precision": 0.5555555555555556,
      "recall": 0.5172413793103449,
      "f1-score": 0.5357142857142857,
      "support": 29.0
    },
    "6": {
      "precision": 0.7777777777777778,
      "recall": 0.7777777777777778,
      "f1-score": 0.7777777777777778,
      "support": 45.0
    },
    "accuracy": 0.9530429071803853,
    "macro avg": {
      "precision": 0.758286500170065,
      "recall": 0.7793884791684985,
      "f1-score": 0.7667592240006095,
      "support": 18272.0
    },
    "weighted avg": {
      "precision": 0.9568034307763466,
      "recall": 0.9530429071803853,
      "f1-score": 0.9544597099804795,
      "support": 18272.0
    }
  },
  "confusion_matrix": [
    [
      543,
      1,
      32,
      29,
      5,
      0,
      0
    ],
    [
      1,
      680,
      12,
      0,
      0,
      0,
      0
    ],
    [
      58,
      71,
      15531,
      294,
      10,
      0,
      4
    ],
    [
      95,
      0,
      130,
      469,
      16,
      0,
      3
    ],
    [
      20,
      0,
      11,
      28,
      141,
      12,
      2
    ],
    [
      2,
      0,
      0,
      0,
      11,
      15,
      1
    ],
    [
      2,
      0,
      4,
      1,
      3,
      0,
      35
    ]
  ],
  "labels": [
    0,
    1,
    2,
    3,
    4,
    5,
    6
  ]
}