{
  "macro_f1": 0.7510518566133841,
  "report": {
    "0": {
      "precision": 0.7584745762711864,
      "recall": 0.8803278688524591,
      "f1-score": 0.8148710166919575,
      "support": 610.0
    },
    "1": {
      "precision": 0.8726114649681529,
      "recall": 0.9884559884559885,
      "f1-score": 0.9269282814614344,
      "support": 693.0
    },
    "2": {
      "precision": 0.9918730650154799,
      "recall": 0.9630511022044088,
      "f1-score": 0.9772496187086934,
      "support": 15968.0
    },
    "3": {
      "precision": 0.5212121212121212,
      "recall": 0.7237026647966339,
      "f1-score": 0.6059894304169113,
      "support": 713.0
    },
    "4": {
      "precision": 0.71,
      "recall": 0.6635514018691588,
      "f1-score": 0.6859903381642513,
      "support": 214.0
    },
    "5": {
      "precision": 0.4594594594594595,
      "recall": 0.5862068965517241,
      "f1-score": 0.5151515151515151,
      "support": 29.0
    },
    "6": {
      "precision": 0.7083333333333334,
      "recall": 0.7555555555555555,
      "f1-score": 0.7311827956989247,
      "support": 45.0
    },
    "accuracy": 0.9472964098073555,
    "macro avg": {
      "precision": 0.7174234314656761,
      "recall": 0.794407354040847,
      "f1-score": 0.7510518566133841,
      "support": 18272.0
    },
    "weighted avg": {
      "precision": 0.9563475211068356,
      "recall": 0.9472964098073555,
      "f1-score": 0.9506824401694144,
      "support": 18272.0
    }
  },
  "confusion_matrix": [
    [
      537,
      3,
      24,
      38,
      8,
      0,
      0
    ],
    [
      1,
      685,
      7,
      0,
      0,
      0,
      0
    ],
    [
      64,
      93,
      15378,
      405,
      18,
      2,
      8
    ],
    [
      87,
      3,
      84,
      516,
      20,
      0,
      3
    ],
    [
      15,
      0,
      9,
      29,
      142,
      17,
      2
    ],
    [
      2,
      0,
      0,
      0,
      9,
      17,
      1
    ],
    [
      2,
      1,
      2,
      2,
      3,
      1,
      34
    ]
  ],
  "labels": [
    0,
    1,
    2,
    3,
    4,
    5,
    6
  ]
}