{
  "macro_f1": 0.7813945454684477,
  "report": {
    "0": {
      "precision": 0.7869822485207101,
      "recall": 0.8721311475409836,
      "f1-score": 0.8273716951788491,
      "support": 610.0
    },
    "1": {
      "precision": 0.9460992907801419,
      "recall": 0.9624819624819625,
      "f1-score": 0.9542203147353362,
      "support": 693.0
    },
    "2": {
      "precision": 0.9881934746730989,
      "recall": 0.9749498997995992,
      "f1-score": 0.9815270159510749,
      "support": 15968.0
    },
    "3": {
      "precision": 0.5691964285714286,
      "recall": 0.7152875175315568,
      "f1-score": 0.6339341205717837,
      "support": 713.0
    },
    "4": {
      "precision": 0.7857142857142857,
      "recall": 0.616822429906542,
      "f1-score": 0.6910994764397905,
      "support": 214.0
    },
    "5": {
      "precision": 0.5806451612903226,
      "recall": 0.6206896551724138,
      "f1-score": 0.6,
      "support": 29.0
    },
    "6": {
      "precision": 0.8095238095238095,
      "recall": 0.7555555555555555,
      "f1-score": 0.7816091954022989,
      "support": 45.0
    },
    "accuracy": 0.9556151488616462,
    "macro avg": {
      "precision": 0.7809078141533996,
      "recall": 0.7882740239983733,
      "f1-score": 0.7813945454684477,
      "support": 18272.0
    },
    "weighted avg": {
      "precision": 0.9600715069783601,
      "recall": 0.9556151488616462,
      "f1-score": 0.9572820453478741,
      "support": 18272.0
    }
  },
  "confusion_matrix": [
    [
      532,
      1,
      34,
      38,
      5,
      0,
      0
    ],
    [
      1,
      667,
      25,
      0,
      0,
      0,
      0
    ],
    [
      41,
      37,
      15568,
      312,
      7,
      0,
      3
    ],
    [
      82,
      0,
      106,
      510,
      13,
      0,
      2
    ],
    [
      16,
      0,
      16,
      35,
      132,
      13,
      2
    ],
    [
      2,
      0,
      1,
      0,
      7,
      18,
      1
    ],
    [
      2,
      0,
      4,
      1,
      4,
      0,
      34
    ]
  ],
  "labels": [
    0,
    1,
    2,
    3,
    4,
    5,
    6
  ]
}