{
  "macro_f1": 0.24820487354734297,
  "report": {
    "0": {
      "precision": 0.13449023861171366,
      "recall": 0.10163934426229508,
      "f1-score": 0.1157796451914099,
      "support": 610.0
    },
    "1": {
      "precision": 0.6488888888888888,
      "recall": 0.4213564213564214,
      "f1-score": 0.510936132983377,
      "support": 693.0
    },
    "2": {
      "precision": 0.9049306721382827,
      "recall": 0.9114478957915831,
      "f1-score": 0.9081775919628092,
      "support": 15968.0
    },
    "3": {
      "precision": 0.16185897435897437,
      "recall": 0.14165497896213183,
      "f1-score": 0.15108451757666416,
      "support": 713.0
    },
    "4": {
      "precision": 0.033942558746736295,
      "recall": 0.06074766355140187,
      "f1-score": 0.04355108877721943,
      "support": 214.0
    },
    "5": {
      "precision": 0.0,
      "recall": 0.0,
      "f1-score": 0.0,
      "support": 29.0
    },
    "6": {
      "precision": 0.004807692307692308,
      "recall": 0.022222222222222223,
      "f1-score": 0.007905138339920948,
      "support": 45.0
    },
    "accuracy": 0.8221869527145359,
    "macro avg": {
      "precision": 0.26984557500746975,
      "recall": 0.2370097894494365,
      "f1-score": 0.24820487354734297,
      "support": 18272.0
    },
    "weighted avg": {
      "precision": 0.8266493827003525,
      "recall": 0.8221869527145359,
      "f1-score": 0.8233298509983669,
      "support": 18272.0
    }
  },
  "confusion_matrix": [
    [
      62,
      8,
      462,
      52,
      19,
      4,
      3
    ],
    [
      4,
      292,
      365,
      17,
      10,
      2,
      3
    ],
    [
      329,
      131,
      14554,
      424,
      300,
      50,
      180
    ],
    [
      48,
      14,
      491,
      101,
      36,
      5,
      18
    ],
    [
      13,
      5,
      156,
      22,
      13,
      2,
      3
    ],
    [
      4,
      0,
      21,
      1,
      3,
      0,
      0
    ],
    [
      1,
      0,
      34,
      7,
      2,
      0,
      1
    ]
  ]
}