{
  "macro_f1": 0.7482443457168849,
  "report": {
    "0": {
      "precision": 0.7582260371959942,
      "recall": 0.8688524590163934,
      "f1-score": 0.8097784568372803,
      "support": 610.0
    },
    "1": {
      "precision": 0.8726114649681529,
      "recall": 0.9884559884559885,
      "f1-score": 0.9269282814614344,
      "support": 693.0
    },
    "2": {
      "precision": 0.9915079773546063,
      "recall": 0.9651803607214429,
      "f1-score": 0.9781670474739782,
      "support": 15968.0
    },
    "3": {
      "precision": 0.535490605427975,
      "recall": 0.7194950911640954,
      "f1-score": 0.6140035906642729,
      "support": 713.0
    },
    "4": {
      "precision": 0.7035175879396985,
      "recall": 0.6542056074766355,
      "f1-score": 0.6779661016949152,
      "support": 214.0
    },
    "5": {
      "precision": 0.4473684210526316,
      "recall": 0.5862068965517241,
      "f1-score": 0.5074626865671642,
      "support": 29.0
    },
    "6": {
      "precision": 0.6938775510204082,
      "recall": 0.7555555555555555,
      "f1-score": 0.723404255319149,
      "support": 45.0
    },
    "accuracy": 0.9485004378283712,
    "macro avg": {
      "precision": 0.7146570921370667,
      "recall": 0.7911359941345478,
      "f1-score": 0.7482443457168849,
      "support": 18272.0
    },
    "weighted avg": {
      "precision": 0.9564466259745251,
      "recall": 0.9485004378283712,
      "f1-score": 0.9515015590572542,
      "support": 18272.0
    }
  },
  "confusion_matrix": [
    [
      530,
      3,
      26,
      43,
      8,
      0,
      0
    ],
    [
      1,
      685,
      7,
      0,
      0,
      0,
      0
    ],
    [
      61,
      93,
      15412,
      372,
      19,
      2,
      9
    ],
    [
      88,
      3,
      86,
      513,
      20,
      0,
      3
    ],
    [
      15,
      0,
      10,
      29,
      140,
      18,
      2
    ],
    [
      2,
      0,
      0,
      0,
      9,
      17,
      1
    ],
    [
      2,
      1,
      3,
      1,
      3,
      1,
      34
    ]
  ],
  "labels": [
    0,
    1,
    2,
    3,
    4,
    5,
    6
  ]
}