{
  "macro_f1": 0.7724497358842121,
  "report": {
    "0": {
      "precision": 0.7668097281831188,
      "recall": 0.8786885245901639,
      "f1-score": 0.8189457601222307,
      "support": 610.0
    },
    "1": {
      "precision": 0.871501272264631,
      "recall": 0.9884559884559885,
      "f1-score": 0.9263015551048005,
      "support": 693.0
    },
    "2": {
      "precision": 0.9864565533826973,
      "recall": 0.9761397795591182,
      "f1-score": 0.9812710503950391,
      "support": 15968.0
    },
    "3": {
      "precision": 0.6085790884718498,
      "recall": 0.6367461430575035,
      "f1-score": 0.6223440712816998,
      "support": 713.0
    },
    "4": {
      "precision": 0.7888198757763976,
      "recall": 0.5934579439252337,
      "f1-score": 0.6773333333333333,
      "support": 214.0
    },
    "5": {
      "precision": 0.5588235294117647,
      "recall": 0.6551724137931034,
      "f1-score": 0.6031746031746031,
      "support": 29.0
    },
    "6": {
      "precision": 0.7777777777777778,
      "recall": 0.7777777777777778,
      "f1-score": 0.7777777777777778,
      "support": 45.0
    },
    "accuracy": 0.9546300350262698,
    "macro avg": {
      "precision": 0.7655382607526052,
      "recall": 0.786634081594127,
      "f1-score": 0.7724497358842121,
      "support": 18272.0
    },
    "weighted avg": {
      "precision": 0.956511207647522,
      "recall": 0.9546300350262698,
      "f1-score": 0.9551003033997056,
      "support": 18272.0
    }
  },
  "confusion_matrix": [
    [
      536,
      3,
      34,
      33,
      4,
      0,
      0
    ],
    [
      1,
      685,
      7,
      0,
      0,
      0,
      0
    ],
    [
      48,
      94,
      15587,
      229,
      6,
      0,
      4
    ],
    [
      91,
      3,
      148,
      454,
      14,
      0,
      3
    ],
    [
      19,
      0,
      22,
      29,
      127,
      15,
      2
    ],
    [
      2,
      0,
      0,
      0,
      7,
      19,
      1
    ],
    [
      2,
      1,
      3,
      1,
      3,
      0,
      35
    ]
  ],
  "labels": [
    0,
    1,
    2,
    3,
    4,
    5,
    6
  ]
}