{
  "macro_f1": 0.7773392022583351,
  "report": {
    "0": {
      "precision": 0.8125984251968504,
      "recall": 0.8459016393442623,
      "f1-score": 0.8289156626506025,
      "support": 610.0
    },
    "1": {
      "precision": 0.9607558139534884,
      "recall": 0.9538239538239538,
      "f1-score": 0.9572773352643013,
      "support": 693.0
    },
    "2": {
      "precision": 0.9851544316537711,
      "recall": 0.9807740480961924,
      "f1-score": 0.9829593597991527,
      "support": 15968.0
    },
    "3": {
      "precision": 0.6191099476439791,
      "recall": 0.6633941093969145,
      "f1-score": 0.6404874746106973,
      "support": 713.0
    },
    "4": {
      "precision": 0.7320574162679426,
      "recall": 0.7149532710280374,
      "f1-score": 0.723404255319149,
      "support": 214.0
    },
    "5": {
      "precision": 0.5333333333333333,
      "recall": 0.5517241379310345,
      "f1-score": 0.5423728813559322,
      "support": 29.0
    },
    "6": {
      "precision": 0.7346938775510204,
      "recall": 0.8,
      "f1-score": 0.7659574468085106,
      "support": 45.0
    },
    "accuracy": 0.9586252189141856,
    "macro avg": {
      "precision": 0.7682433208000551,
      "recall": 0.7872244513743422,
      "f1-score": 0.7773392022583351,
      "support": 18272.0
    },
    "weighted avg": {
      "precision": 0.959886621825483,
      "recall": 0.9586252189141856,
      "f1-score": 0.9592053296590043,
      "support": 18272.0
    }
  },
  "confusion_matrix": [
    [
      516,
      0,
      45,
      40,
      9,
      0,
      0
    ],
    [
      1,
      661,
      31,
      0,
      0,
      0,
      0
    ],
    [
      28,
      27,
      15661,
      232,
      14,
      0,
      6
    ],
    [
      78,
      0,
      140,
      473,
      19,
      0,
      3
    ],
    [
      9,
      0,
      16,
      19,
      153,
      14,
      3
    ],
    [
      1,
      0,
      1,
      0,
      10,
      16,
      1
    ],
    [
      2,
      0,
      3,
      0,
      4,
      0,
      36
    ]
  ],
  "labels": [
    0,
    1,
    2,
    3,
    4,
    5,
    6
  ]
}