{
  "macro_f1": 0.748284439181082,
  "report": {
    "0": {
      "precision": 0.7570621468926554,
      "recall": 0.8786885245901639,
      "f1-score": 0.8133535660091047,
      "support": 610.0
    },
    "1": {
      "precision": 0.8726114649681529,
      "recall": 0.9884559884559885,
      "f1-score": 0.9269282814614344,
      "support": 693.0
    },
    "2": {
      "precision": 0.9920716771947918,
      "recall": 0.9638652304609219,
      "f1-score": 0.9777650721046948,
      "support": 15968.0
    },
    "3": {
      "precision": 0.5280898876404494,
      "recall": 0.7251051893408135,
      "f1-score": 0.6111111111111112,
      "support": 713.0
    },
    "4": {
      "precision": 0.7035175879396985,
      "recall": 0.6542056074766355,
      "f1-score": 0.6779661016949152,
      "support": 214.0
    },
    "5": {
      "precision": 0.4473684210526316,
      "recall": 0.5862068965517241,
      "f1-score": 0.5074626865671642,
      "support": 29.0
    },
    "6": {
      "precision": 0.6938775510204082,
      "recall": 0.7555555555555555,
      "f1-score": 0.723404255319149,
      "support": 45.0
    },
    "accuracy": 0.9478984238178634,
    "macro avg": {
      "precision": 0.7135141052441126,
      "recall": 0.7931547132045432,
      "f1-score": 0.748284439181082,
      "support": 18272.0
    },
    "weighted avg": {
      "precision": 0.9566116037646161,
      "recall": 0.9478984238178634,
      "f1-score": 0.9511567547652604,
      "support": 18272.0
    }
  },
  "confusion_matrix": [
    [
      536,
      3,
      23,
      40,
      8,
      0,
      0
    ],
    [
      1,
      685,
      7,
      0,
      0,
      0,
      0
    ],
    [
      63,
      93,
      15391,
      391,
      19,
      2,
      9
    ],
    [
      89,
      3,
      81,
      517,
      20,
      0,
      3
    ],
    [
      15,
      0,
      10,
      29,
      140,
      18,
      2
    ],
    [
      2,
      0,
      0,
      0,
      9,
      17,
      1
    ],
    [
      2,
      1,
      2,
      2,
      3,
      1,
      34
    ]
  ],
  "labels": [
    0,
    1,
    2,
    3,
    4,
    5,
    6
  ]
}