{
  "macro_f1": 0.7706702791714771,
  "report": {
    "0": {
      "precision": 0.7612994350282486,
      "recall": 0.8836065573770492,
      "f1-score": 0.8179059180576631,
      "support": 610.0
    },
    "1": {
      "precision": 0.871501272264631,
      "recall": 0.9884559884559885,
      "f1-score": 0.9263015551048005,
      "support": 693.0
    },
    "2": {
      "precision": 0.9866227096937805,
      "recall": 0.9745741482965932,
      "f1-score": 0.9805614189849091,
      "support": 15968.0
    },
    "3": {
      "precision": 0.5908496732026144,
      "recall": 0.6339410939691444,
      "f1-score": 0.6116373477672531,
      "support": 713.0
    },
    "4": {
      "precision": 0.7888198757763976,
      "recall": 0.5934579439252337,
      "f1-score": 0.6773333333333333,
      "support": 214.0
    },
    "5": {
      "precision": 0.5588235294117647,
      "recall": 0.6551724137931034,
      "f1-score": 0.6031746031746031,
      "support": 29.0
    },
    "6": {
      "precision": 0.7777777777777778,
      "recall": 0.7777777777777778,
      "f1-score": 0.7777777777777778,
      "support": 45.0
    },
    "accuracy": 0.9533165499124343,
    "macro avg": {
      "precision": 0.7622420390221735,
      "recall": 0.78671227479927,
      "f1-score": 0.7706702791714771,
      "support": 18272.0
    },
    "weighted avg": {
      "precision": 0.9557806270906011,
      "recall": 0.9533165499124343,
      "f1-score": 0.9540276462257705,
      "support": 18272.0
    }
  },
  "confusion_matrix": [
    [
      539,
      3,
      33,
      31,
      4,
      0,
      0
    ],
    [
      1,
      685,
      7,
      0,
      0,
      0,
      0
    ],
    [
      51,
      94,
      15562,
      251,
      6,
      0,
      4
    ],
    [
      94,
      3,
      147,
      452,
      14,
      0,
      3
    ],
    [
      19,
      0,
      21,
      30,
      127,
      15,
      2
    ],
    [
      2,
      0,
      0,
      0,
      7,
      19,
      1
    ],
    [
      2,
      1,
      3,
      1,
      3,
      0,
      35
    ]
  ],
  "labels": [
    0,
    1,
    2,
    3,
    4,
    5,
    6
  ]
}