{
  "macro_f1": 0.7718313402030673,
  "report": {
    "0": {
      "precision": 0.8072669826224329,
      "recall": 0.8377049180327869,
      "f1-score": 0.8222043443282381,
      "support": 610.0
    },
    "1": {
      "precision": 0.9076305220883534,
      "recall": 0.9783549783549783,
      "f1-score": 0.9416666666666667,
      "support": 693.0
    },
    "2": {
      "precision": 0.9876997210246006,
      "recall": 0.9755761523046093,
      "f1-score": 0.9816005040957781,
      "support": 15968.0
    },
    "3": {
      "precision": 0.5900846432889963,
      "recall": 0.6844319775596073,
      "f1-score": 0.6337662337662338,
      "support": 713.0
    },
    "4": {
      "precision": 0.6896551724137931,
      "recall": 0.7476635514018691,
      "f1-score": 0.7174887892376681,
      "support": 214.0
    },
    "5": {
      "precision": 0.6666666666666666,
      "recall": 0.41379310344827586,
      "f1-score": 0.5106382978723404,
      "support": 29.0
    },
    "6": {
      "precision": 0.813953488372093,
      "recall": 0.7777777777777778,
      "f1-score": 0.7954545454545454,
      "support": 45.0
    },
    "accuracy": 0.9556698774080561,
    "macro avg": {
      "precision": 0.7804224566395622,
      "recall": 0.7736146369828435,
      "f1-score": 0.7718313402030673,
      "support": 18272.0
    },
    "weighted avg": {
      "precision": 0.9586956958405984,
      "recall": 0.9556698774080561,
      "f1-score": 0.9568924250327031,
      "support": 18272.0
    }
  },
  "confusion_matrix": [
    [
      511,
      3,
      38,
      48,
      10,
      0,
      0
    ],
    [
      1,
      678,
      14,
      0,
      0,
      0,
      0
    ],
    [
      37,
      66,
      15578,
      265,
      18,
      0,
      4
    ],
    [
      71,
      0,
      127,
      488,
      25,
      0,
      2
    ],
    [
      10,
      0,
      12,
      25,
      160,
      6,
      1
    ],
    [
      1,
      0,
      0,
      0,
      15,
      12,
      1
    ],
    [
      2,
      0,
      3,
      1,
      4,
      0,
      35
    ]
  ],
  "labels": [
    0,
    1,
    2,
    3,
    4,
    5,
    6
  ]
}