{
  "macro_f1": 0.7431545845689752,
  "report": {
    "0": {
      "precision": 0.7522255192878339,
      "recall": 0.8311475409836065,
      "f1-score": 0.7897196261682243,
      "support": 610.0
    },
    "1": {
      "precision": 0.8560700876095119,
      "recall": 0.987012987012987,
      "f1-score": 0.9168900804289544,
      "support": 693.0
    },
    "2": {
      "precision": 0.990113724476609,
      "recall": 0.9596067134268537,
      "f1-score": 0.9746215494211933,
      "support": 15968.0
    },
    "3": {
      "precision": 0.48659384309831183,
      "recall": 0.6872370266479664,
      "f1-score": 0.5697674418604651,
      "support": 713.0
    },
    "4": {
      "precision": 0.6141078838174274,
      "recall": 0.6915887850467289,
      "f1-score": 0.6505494505494506,
      "support": 214.0
    },
    "5": {
      "precision": 0.5714285714285714,
      "recall": 0.5517241379310345,
      "f1-score": 0.5614035087719298,
      "support": 29.0
    },
    "6": {
      "precision": 0.723404255319149,
      "recall": 0.7555555555555555,
      "f1-score": 0.7391304347826086,
      "support": 45.0
    },
    "accuracy": 0.9414404553415061,
    "macro avg": {
      "precision": 0.713420555005345,
      "recall": 0.7805532495149619,
      "f1-score": 0.7431545845689752,
      "support": 18272.0
    },
    "weighted avg": {
      "precision": 0.9517149303441482,
      "recall": 0.9414404553415061,
      "f1-score": 0.9454298401182789,
      "support": 18272.0
    }
  },
  "confusion_matrix": [
    [
      507,
      2,
      29,
      52,
      20,
      0,
      0
    ],
    [
      1,
      684,
      8,
      0,
      0,
      0,
      0
    ],
    [
      75,
      111,
      15323,
      429,
      23,
      0,
      7
    ],
    [
      81,
      2,
      103,
      490,
      34,
      0,
      3
    ],
    [
      7,
      0,
      10,
      35,
      148,
      12,
      2
    ],
    [
      2,
      0,
      0,
      1,
      9,
      16,
      1
    ],
    [
      1,
      0,
      3,
      0,
      7,
      0,
      34
    ]
  ]
}