{
  "macro_f1": 0.7323278475693584,
  "report": {
    "0": {
      "precision": 0.7213578500707214,
      "recall": 0.8360655737704918,
      "f1-score": 0.7744874715261959,
      "support": 610.0
    },
    "1": {
      "precision": 0.8518057285180572,
      "recall": 0.987012987012987,
      "f1-score": 0.9144385026737968,
      "support": 693.0
    },
    "2": {
      "precision": 0.9924944524213549,
      "recall": 0.9523421843687375,
      "f1-score": 0.9720038350910835,
      "support": 15968.0
    },
    "3": {
      "precision": 0.4573438874230431,
      "recall": 0.729312762973352,
      "f1-score": 0.5621621621621622,
      "support": 713.0
    },
    "4": {
      "precision": 0.6216216216216216,
      "recall": 0.6448598130841121,
      "f1-score": 0.6330275229357798,
      "support": 214.0
    },
    "5": {
      "precision": 0.5161290322580645,
      "recall": 0.5517241379310345,
      "f1-score": 0.5333333333333333,
      "support": 29.0
    },
    "6": {
      "precision": 0.7,
      "recall": 0.7777777777777778,
      "f1-score": 0.7368421052631579,
      "support": 45.0
    },
    "accuracy": 0.9364054290718039,
    "macro avg": {
      "precision": 0.6943932246161232,
      "recall": 0.7827278909883562,
      "f1-score": 0.7323278475693584,
      "support": 18272.0
    },
    "weighted avg": {
      "precision": 0.9514044458934705,
      "recall": 0.9364054290718039,
      "f1-score": 0.9419885371963512,
      "support": 18272.0
    }
  },
  "confusion_matrix": [
    [
      510,
      2,
      24,
      55,
      19,
      0,
      0
    ],
    [
      1,
      684,
      7,
      1,
      0,
      0,
      0
    ],
    [
      98,
      115,
      15207,
      519,
      20,
      0,
      9
    ],
    [
      86,
      2,
      73,
      520,
      29,
      0,
      3
    ],
    [
      9,
      0,
      9,
      41,
      138,
      15,
      2
    ],
    [
      2,
      0,
      0,
      1,
      9,
      16,
      1
    ],
    [
      1,
      0,
      2,
      0,
      7,
      0,
      35
    ]
  ]
}