{
  "macro_f1": 0.7579662357412846,
  "report": {
    "0": {
      "precision": 0.788109756097561,
      "recall": 0.8475409836065574,
      "f1-score": 0.8167456556082149,
      "support": 610.0
    },
    "1": {
      "precision": 0.8837209302325582,
      "recall": 0.987012987012987,
      "f1-score": 0.9325153374233128,
      "support": 693.0
    },
    "2": {
      "precision": 0.9894166401020082,
      "recall": 0.9718812625250501,
      "f1-score": 0.9805705620320349,
      "support": 15968.0
    },
    "3": {
      "precision": 0.5765247410817032,
      "recall": 0.7026647966339411,
      "f1-score": 0.6333754740834386,
      "support": 713.0
    },
    "4": {
      "precision": 0.7014925373134329,
      "recall": 0.6588785046728972,
      "f1-score": 0.6795180722891566,
      "support": 214.0
    },
    "5": {
      "precision": 0.47058823529411764,
      "recall": 0.5517241379310345,
      "f1-score": 0.5079365079365079,
      "support": 29.0
    },
    "6": {
      "precision": 0.6981132075471698,
      "recall": 0.8222222222222222,
      "f1-score": 0.7551020408163265,
      "support": 45.0
    },
    "accuracy": 0.9530976357267951,
    "macro avg": {
      "precision": 0.7297094353812216,
      "recall": 0.7917035563720985,
      "f1-score": 0.7579662357412846,
      "support": 18272.0
    },
    "weighted avg": {
      "precision": 0.9576627715389133,
      "recall": 0.9530976357267951,
      "f1-score": 0.9548994113584263,
      "support": 18272.0
    }
  },
  "confusion_matrix": [
    [
      517,
      3,
      34,
      45,
      9,
      0,
      2
    ],
    [
      1,
      684,
      8,
      0,
      0,
      0,
      0
    ],
    [
      49,
      85,
      15519,
      290,
      15,
      1,
      9
    ],
    [
      76,
      1,
      111,
      501,
      22,
      0,
      2
    ],
    [
      10,
      0,
      12,
      32,
      141,
      17,
      2
    ],
    [
      1,
      0,
      0,
      0,
      11,
      16,
      1
    ],
    [
      2,
      1,
      1,
      1,
      3,
      0,
      37
    ]
  ],
  "labels": [
    0,
    1,
    2,
    3,
    4,
    5,
    6
  ]
}