{
  "macro_f1": 0.7724859847441561,
  "report": {
    "0": {
      "precision": 0.8111111111111111,
      "recall": 0.8377049180327869,
      "f1-score": 0.8241935483870968,
      "support": 610.0
    },
    "1": {
      "precision": 0.9076305220883534,
      "recall": 0.9783549783549783,
      "f1-score": 0.9416666666666667,
      "support": 693.0
    },
    "2": {
      "precision": 0.9876363175247274,
      "recall": 0.9755135270541082,
      "f1-score": 0.9815374921235035,
      "support": 15968.0
    },
    "3": {
      "precision": 0.591566265060241,
      "recall": 0.6886395511921458,
      "f1-score": 0.6364225534672715,
      "support": 713.0
    },
    "4": {
      "precision": 0.6896551724137931,
      "recall": 0.7476635514018691,
      "f1-score": 0.7174887892376681,
      "support": 214.0
    },
    "5": {
      "precision": 0.6666666666666666,
      "recall": 0.41379310344827586,
      "f1-score": 0.5106382978723404,
      "support": 29.0
    },
    "6": {
      "precision": 0.813953488372093,
      "recall": 0.7777777777777778,
      "f1-score": 0.7954545454545454,
      "support": 45.0
    },
    "accuracy": 0.9557793345008757,
    "macro avg": {
      "precision": 0.7811742204624265,
      "recall": 0.7742067724659917,
      "f1-score": 0.7724859847441561,
      "support": 18272.0
    },
    "weighted avg": {
      "precision": 0.9588264361873048,
      "recall": 0.9557793345008757,
      "f1-score": 0.9570074203944291,
      "support": 18272.0
    }
  },
  "confusion_matrix": [
    [
      511,
      3,
      40,
      46,
      10,
      0,
      0
    ],
    [
      1,
      678,
      14,
      0,
      0,
      0,
      0
    ],
    [
      36,
      66,
      15577,
      267,
      18,
      0,
      4
    ],
    [
      69,
      0,
      126,
      491,
      25,
      0,
      2
    ],
    [
      10,
      0,
      12,
      25,
      160,
      6,
      1
    ],
    [
      1,
      0,
      0,
      0,
      15,
      12,
      1
    ],
    [
      2,
      0,
      3,
      1,
      4,
      0,
      35
    ]
  ],
  "labels": [
    0,
    1,
    2,
    3,
    4,
    5,
    6
  ]
}