{
  "macro_f1": 0.7738525940464525,
  "report": {
    "0": {
      "precision": 0.7774566473988439,
      "recall": 0.8819672131147541,
      "f1-score": 0.82642089093702,
      "support": 610.0
    },
    "1": {
      "precision": 0.8835705045278137,
      "recall": 0.9855699855699855,
      "f1-score": 0.931787175989086,
      "support": 693.0
    },
    "2": {
      "precision": 0.9900294004857472,
      "recall": 0.970065130260521,
      "f1-score": 0.9799455937242993,
      "support": 15968.0
    },
    "3": {
      "precision": 0.5628539071347678,
      "recall": 0.697054698457223,
      "f1-score": 0.6228070175438597,
      "support": 713.0
    },
    "4": {
      "precision": 0.745,
      "recall": 0.6962616822429907,
      "f1-score": 0.7198067632850241,
      "support": 214.0
    },
    "5": {
      "precision": 0.5454545454545454,
      "recall": 0.6206896551724138,
      "f1-score": 0.5806451612903226,
      "support": 29.0
    },
    "6": {
      "precision": 0.7555555555555555,
      "recall": 0.7555555555555555,
      "f1-score": 0.7555555555555555,
      "support": 45.0
    },
    "accuracy": 0.9527692644483362,
    "macro avg": {
      "precision": 0.7514172229367534,
      "recall": 0.8010234171962063,
      "f1-score": 0.7738525940464525,
      "support": 18272.0
    },
    "weighted avg": {
      "precision": 0.9580733033665033,
      "recall": 0.9527692644483362,
      "f1-score": 0.9548246091041384,
      "support": 18272.0
    }
  },
  "confusion_matrix": [
    [
      538,
      2,
      29,
      34,
      7,
      0,
      0
    ],
    [
      1,
      683,
      9,
      0,
      0,
      0,
      0
    ],
    [
      48,
      86,
      15490,
      326,
      12,
      1,
      5
    ],
    [
      88,
      1,
      103,
      497,
      21,
      0,
      3
    ],
    [
      13,
      0,
      12,
      25,
      149,
      13,
      2
    ],
    [
      2,
      0,
      0,
      0,
      8,
      18,
      1
    ],
    [
      2,
      1,
      3,
      1,
      3,
      1,
      34
    ]
  ],
  "labels": [
    0,
    1,
    2,
    3,
    4,
    5,
    6
  ]
}