{
  "macro_f1": 0.7796745923947856,
  "report": {
    "0": {
      "precision": 0.8364888123924269,
      "recall": 0.7967213114754098,
      "f1-score": 0.8161209068010076,
      "support": 610.0
    },
    "1": {
      "precision": 0.95,
      "recall": 0.9595959595959596,
      "f1-score": 0.9547738693467337,
      "support": 693.0
    },
    "2": {
      "precision": 0.987310449844553,
      "recall": 0.9745115230460922,
      "f1-score": 0.9808692363452992,
      "support": 15968.0
    },
    "3": {
      "precision": 0.5445134575569358,
      "recall": 0.7377279102384292,
      "f1-score": 0.6265634306134604,
      "support": 713.0
    },
    "4": {
      "precision": 0.7741935483870968,
      "recall": 0.6728971962616822,
      "f1-score": 0.72,
      "support": 214.0
    },
    "5": {
      "precision": 0.5625,
      "recall": 0.6206896551724138,
      "f1-score": 0.5901639344262295,
      "support": 29.0
    },
    "6": {
      "precision": 0.7608695652173914,
      "recall": 0.7777777777777778,
      "f1-score": 0.7692307692307693,
      "support": 45.0
    },
    "accuracy": 0.9541922066549913,
    "macro avg": {
      "precision": 0.7736965476283435,
      "recall": 0.7914173333668234,
      "f1-score": 0.7796745923947856,
      "support": 18272.0
    },
    "weighted avg": {
      "precision": 0.9598537972693146,
      "recall": 0.9541922066549913,
      "f1-score": 0.956357370583887,
      "support": 18272.0
    }
  },
  "confusion_matrix": [
    [
      486,
      0,
      50,
      65,
      9,
      0,
      0
    ],
    [
      1,
      665,
      27,
      0,
      0,
      0,
      0
    ],
    [
      18,
      35,
      15561,
      341,
      8,
      0,
      5
    ],
    [
      65,
      0,
      106,
      526,
      13,
      0,
      3
    ],
    [
      8,
      0,
      13,
      33,
      144,
      14,
      2
    ],
    [
      1,
      0,
      1,
      0,
      8,
      18,
      1
    ],
    [
      2,
      0,
      3,
      1,
      4,
      0,
      35
    ]
  ],
  "labels": [
    0,
    1,
    2,
    3,
    4,
    5,
    6
  ]
}