{
  "macro_f1": 0.769050899514218,
  "report": {
    "0": {
      "precision": 0.7719298245614035,
      "recall": 0.8655737704918033,
      "f1-score": 0.8160741885625966,
      "support": 610.0
    },
    "1": {
      "precision": 0.9021164021164021,
      "recall": 0.9841269841269841,
      "f1-score": 0.9413388543823327,
      "support": 693.0
    },
    "2": {
      "precision": 0.9872736482208434,
      "recall": 0.9765155310621243,
      "f1-score": 0.9818651218437127,
      "support": 15968.0
    },
    "3": {
      "precision": 0.5987179487179487,
      "recall": 0.6549789621318373,
      "f1-score": 0.6255860683188211,
      "support": 713.0
    },
    "4": {
      "precision": 0.7580645161290323,
      "recall": 0.6588785046728972,
      "f1-score": 0.705,
      "support": 214.0
    },
    "5": {
      "precision": 0.5555555555555556,
      "recall": 0.5172413793103449,
      "f1-score": 0.5357142857142857,
      "support": 29.0
    },
    "6": {
      "precision": 0.7777777777777778,
      "recall": 0.7777777777777778,
      "f1-score": 0.7777777777777778,
      "support": 45.0
    },
    "accuracy": 0.9556151488616462,
    "macro avg": {
      "precision": 0.7644908104398518,
      "recall": 0.7764418442248241,
      "f1-score": 0.769050899514218,
      "support": 18272.0
    },
    "weighted avg": {
      "precision": 0.9578071524429823,
      "recall": 0.9556151488616462,
      "f1-score": 0.9564373865864481,
      "support": 18272.0
    }
  },
  "confusion_matrix": [
    [
      528,
      1,
      34,
      42,
      5,
      0,
      0
    ],
    [
      1,
      682,
      10,
      0,
      0,
      0,
      0
    ],
    [
      44,
      73,
      15593,
      243,
      11,
      0,
      4
    ],
    [
      87,
      0,
      141,
      467,
      15,
      0,
      3
    ],
    [
      20,
      0,
      12,
      27,
      141,
      12,
      2
    ],
    [
      2,
      0,
      0,
      0,
      11,
      15,
      1
    ],
    [
      2,
      0,
      4,
      1,
      3,
      0,
      35
    ]
  ],
  "labels": [
    0,
    1,
    2,
    3,
    4,
    5,
    6
  ]
}