{
  "macro_f1": 0.742816484080909,
  "report": {
    "0": {
      "precision": 0.752112676056338,
      "recall": 0.8754098360655738,
      "f1-score": 0.8090909090909091,
      "support": 610.0
    },
    "1": {
      "precision": 0.8726114649681529,
      "recall": 0.9884559884559885,
      "f1-score": 0.9269282814614344,
      "support": 693.0
    },
    "2": {
      "precision": 0.9923747980613893,
      "recall": 0.9617359719438878,
      "f1-score": 0.9768151893903253,
      "support": 15968.0
    },
    "3": {
      "precision": 0.5098425196850394,
      "recall": 0.726507713884993,
      "f1-score": 0.5991902834008097,
      "support": 713.0
    },
    "4": {
      "precision": 0.700507614213198,
      "recall": 0.6448598130841121,
      "f1-score": 0.6715328467153284,
      "support": 214.0
    },
    "5": {
      "precision": 0.425,
      "recall": 0.5862068965517241,
      "f1-score": 0.4927536231884058,
      "support": 29.0
    },
    "6": {
      "precision": 0.6938775510204082,
      "recall": 0.7555555555555555,
      "f1-score": 0.723404255319149,
      "support": 45.0
    },
    "accuracy": 0.9458734676007006,
    "macro avg": {
      "precision": 0.7066180891435038,
      "recall": 0.7912473965059764,
      "f1-score": 0.742816484080909,
      "support": 18272.0
    },
    "weighted avg": {
      "precision": 0.9559284746516272,
      "recall": 0.9458734676007006,
      "f1-score": 0.9496204819180509,
      "support": 18272.0
    }
  },
  "confusion_matrix": [
    [
      534,
      3,
      23,
      42,
      8,
      0,
      0
    ],
    [
      1,
      685,
      7,
      0,
      0,
      0,
      0
    ],
    [
      64,
      93,
      15357,
      424,
      19,
      2,
      9
    ],
    [
      92,
      3,
      77,
      518,
      20,
      0,
      3
    ],
    [
      15,
      0,
      9,
      30,
      138,
      20,
      2
    ],
    [
      2,
      0,
      0,
      0,
      9,
      17,
      1
    ],
    [
      2,
      1,
      2,
      2,
      3,
      1,
      34
    ]
  ],
  "labels": [
    0,
    1,
    2,
    3,
    4,
    5,
    6
  ]
}