{
  "macro_f1": 0.7716311479060757,
  "report": {
    "0": {
      "precision": 0.7914110429447853,
      "recall": 0.8459016393442623,
      "f1-score": 0.8177496038034865,
      "support": 610.0
    },
    "1": {
      "precision": 0.8970976253298153,
      "recall": 0.9812409812409812,
      "f1-score": 0.9372846312887664,
      "support": 693.0
    },
    "2": {
      "precision": 0.9877545840999936,
      "recall": 0.9749498997995992,
      "f1-score": 0.9813104730688014,
      "support": 15968.0
    },
    "3": {
      "precision": 0.5901442307692307,
      "recall": 0.6886395511921458,
      "f1-score": 0.6355987055016181,
      "support": 713.0
    },
    "4": {
      "precision": 0.7487437185929648,
      "recall": 0.6962616822429907,
      "f1-score": 0.7215496368038741,
      "support": 214.0
    },
    "5": {
      "precision": 0.5357142857142857,
      "recall": 0.5172413793103449,
      "f1-score": 0.5263157894736842,
      "support": 29.0
    },
    "6": {
      "precision": 0.8095238095238095,
      "recall": 0.7555555555555555,
      "f1-score": 0.7816091954022989,
      "support": 45.0
    },
    "accuracy": 0.9551773204903677,
    "macro avg": {
      "precision": 0.7657698995678407,
      "recall": 0.7799700983836971,
      "f1-score": 0.7716311479060757,
      "support": 18272.0
    },
    "weighted avg": {
      "precision": 0.9582904371437293,
      "recall": 0.9551773204903677,
      "f1-score": 0.9564338995595656,
      "support": 18272.0
    }
  },
  "confusion_matrix": [
    [
      516,
      1,
      37,
      48,
      8,
      0,
      0
    ],
    [
      1,
      680,
      12,
      0,
      0,
      0,
      0
    ],
    [
      41,
      77,
      15568,
      268,
      11,
      0,
      3
    ],
    [
      77,
      0,
      126,
      491,
      17,
      0,
      2
    ],
    [
      13,
      0,
      13,
      24,
      149,
      13,
      2
    ],
    [
      2,
      0,
      1,
      0,
      10,
      15,
      1
    ],
    [
      2,
      0,
      4,
      1,
      4,
      0,
      34
    ]
  ],
  "labels": [
    0,
    1,
    2,
    3,
    4,
    5,
    6
  ]
}