{
  "macro_f1": 0.7776737136099942,
  "report": {
    "0": {
      "precision": 0.7774480712166172,
      "recall": 0.8590163934426229,
      "f1-score": 0.8161993769470405,
      "support": 610.0
    },
    "1": {
      "precision": 0.938288920056101,
      "recall": 0.9653679653679653,
      "f1-score": 0.9516358463726885,
      "support": 693.0
    },
    "2": {
      "precision": 0.9880665227878634,
      "recall": 0.9748246492985972,
      "f1-score": 0.981400920496816,
      "support": 15968.0
    },
    "3": {
      "precision": 0.5737142857142857,
      "recall": 0.7040673211781207,
      "f1-score": 0.6322418136020151,
      "support": 713.0
    },
    "4": {
      "precision": 0.7663043478260869,
      "recall": 0.6588785046728972,
      "f1-score": 0.7085427135678392,
      "support": 214.0
    },
    "5": {
      "precision": 0.48717948717948717,
      "recall": 0.6551724137931034,
      "f1-score": 0.5588235294117647,
      "support": 29.0
    },
    "6": {
      "precision": 0.9393939393939394,
      "recall": 0.6888888888888889,
      "f1-score": 0.7948717948717948,
      "support": 45.0
    },
    "accuracy": 0.955122591943958,
    "macro avg": {
      "precision": 0.7814850820249115,
      "recall": 0.7866023052345994,
      "f1-score": 0.7776737136099942,
      "support": 18272.0
    },
    "weighted avg": {
      "precision": 0.9594665132151722,
      "recall": 0.955122591943958,
      "f1-score": 0.9568064156573475,
      "support": 18272.0
    }
  },
  "confusion_matrix": [
    [
      524,
      1,
      31,
      49,
      5,
      0,
      0
    ],
    [
      1,
      669,
      23,
      0,
      0,
      0,
      0
    ],
    [
      50,
      43,
      15566,
      297,
      11,
      1,
      0
    ],
    [
      78,
      0,
      116,
      502,
      16,
      0,
      1
    ],
    [
      17,
      0,
      13,
      26,
      141,
      17,
      0
    ],
    [
      2,
      0,
      0,
      0,
      7,
      19,
      1
    ],
    [
      2,
      0,
      5,
      1,
      4,
      2,
      31
    ]
  ],
  "labels": [
    0,
    1,
    2,
    3,
    4,
    5,
    6
  ]
}