{
  "macro_f1": 0.7701988589606984,
  "report": {
    "0": {
      "precision": 0.825944170771757,
      "recall": 0.8245901639344262,
      "f1-score": 0.8252666119770303,
      "support": 610.0
    },
    "1": {
      "precision": 0.9172320217096337,
      "recall": 0.9754689754689755,
      "f1-score": 0.9454545454545454,
      "support": 693.0
    },
    "2": {
      "precision": 0.9825890899981211,
      "recall": 0.9825275551102205,
      "f1-score": 0.9825583215907312,
      "support": 15968.0
    },
    "3": {
      "precision": 0.647239263803681,
      "recall": 0.5918653576437588,
      "f1-score": 0.6183150183150183,
      "support": 713.0
    },
    "4": {
      "precision": 0.6613545816733067,
      "recall": 0.7757009345794392,
      "f1-score": 0.7139784946236559,
      "support": 214.0
    },
    "5": {
      "precision": 0.6666666666666666,
      "recall": 0.41379310344827586,
      "f1-score": 0.5106382978723404,
      "support": 29.0
    },
    "6": {
      "precision": 0.868421052631579,
      "recall": 0.7333333333333333,
      "f1-score": 0.7951807228915663,
      "support": 45.0
    },
    "accuracy": 0.9578042907180385,
    "macro avg": {
      "precision": 0.7956352638935351,
      "recall": 0.7567542033597757,
      "f1-score": 0.7701988589606984,
      "support": 18272.0
    },
    "weighted avg": {
      "precision": 0.9572501138669772,
      "recall": 0.9578042907180385,
      "f1-score": 0.9573306458813085,
      "support": 18272.0
    }
  },
  "confusion_matrix": [
    [
      503,
      2,
      52,
      41,
      12,
      0,
      0
    ],
    [
      1,
      676,
      16,
      0,
      0,
      0,
      0
    ],
    [
      25,
      59,
      15689,
      171,
      23,
      0,
      1
    ],
    [
      70,
      0,
      189,
      422,
      30,
      0,
      2
    ],
    [
      7,
      0,
      16,
      18,
      166,
      6,
      1
    ],
    [
      1,
      0,
      1,
      0,
      14,
      12,
      1
    ],
    [
      2,
      0,
      4,
      0,
      6,
      0,
      33
    ]
  ],
  "labels": [
    0,
    1,
    2,
    3,
    4,
    5,
    6
  ]
}