{
  "macro_f1": 0.7782049278350237,
  "report": {
    "0": {
      "precision": 0.7890044576523031,
      "recall": 0.8704918032786885,
      "f1-score": 0.8277474668745128,
      "support": 610.0
    },
    "1": {
      "precision": 0.8970976253298153,
      "recall": 0.9812409812409812,
      "f1-score": 0.9372846312887664,
      "support": 693.0
    },
    "2": {
      "precision": 0.9871388748099341,
      "recall": 0.9757640280561122,
      "f1-score": 0.9814184933232553,
      "support": 15968.0
    },
    "3": {
      "precision": 0.6015228426395939,
      "recall": 0.664796633941094,
      "f1-score": 0.631578947368421,
      "support": 713.0
    },
    "4": {
      "precision": 0.7537688442211056,
      "recall": 0.7009345794392523,
      "f1-score": 0.7263922518159807,
      "support": 214.0
    },
    "5": {
      "precision": 0.5714285714285714,
      "recall": 0.5517241379310345,
      "f1-score": 0.5614035087719298,
      "support": 29.0
    },
    "6": {
      "precision": 0.8095238095238095,
      "recall": 0.7555555555555555,
      "f1-score": 0.7816091954022989,
      "support": 45.0
    },
    "accuracy": 0.9558887915936952,
    "macro avg": {
      "precision": 0.7727835750864475,
      "recall": 0.7857868170632455,
      "f1-score": 0.7782049278350237,
      "support": 18272.0
    },
    "weighted avg": {
      "precision": 0.9582315699404467,
      "recall": 0.9558887915936952,
      "f1-score": 0.9568176199962839,
      "support": 18272.0
    }
  },
  "confusion_matrix": [
    [
      531,
      1,
      37,
      33,
      8,
      0,
      0
    ],
    [
      1,
      680,
      12,
      0,
      0,
      0,
      0
    ],
    [
      39,
      77,
      15581,
      257,
      11,
      0,
      3
    ],
    [
      85,
      0,
      135,
      474,
      17,
      0,
      2
    ],
    [
      13,
      0,
      14,
      23,
      150,
      12,
      2
    ],
    [
      2,
      0,
      1,
      0,
      9,
      16,
      1
    ],
    [
      2,
      0,
      4,
      1,
      4,
      0,
      34
    ]
  ],
  "labels": [
    0,
    1,
    2,
    3,
    4,
    5,
    6
  ]
}