{
  "macro_f1": 0.6122116974200665,
  "report": {
    "0": {
      "precision": 0.6746666666666666,
      "recall": 0.8295081967213115,
      "f1-score": 0.7441176470588236,
      "support": 610.0
    },
    "1": {
      "precision": 0.859493670886076,
      "recall": 0.9797979797979798,
      "f1-score": 0.9157113958192852,
      "support": 693.0
    },
    "2": {
      "precision": 0.9973625763464742,
      "recall": 0.8999248496993988,
      "f1-score": 0.946141690808533,
      "support": 15968.0
    },
    "3": {
      "precision": 0.28237585199610515,
      "recall": 0.8134642356241234,
      "f1-score": 0.41922659920491506,
      "support": 713.0
    },
    "4": {
      "precision": 0.5370370370370371,
      "recall": 0.5420560747663551,
      "f1-score": 0.5395348837209303,
      "support": 214.0
    },
    "5": {
      "precision": 0.4375,
      "recall": 0.2413793103448276,
      "f1-score": 0.3111111111111111,
      "support": 29.0
    },
    "6": {
      "precision": 0.4473684210526316,
      "recall": 0.37777777777777777,
      "f1-score": 0.40963855421686746,
      "support": 45.0
    },
    "accuracy": 0.8907070928196147,
    "macro avg": {
      "precision": 0.6051148891407129,
      "recall": 0.669129774961682,
      "f1-score": 0.6122116974200665,
      "support": 18272.0
    },
    "weighted avg": {
      "precision": 0.945826422232801,
      "recall": 0.8907070928196147,
      "f1-score": 0.9105908093449357,
      "support": 18272.0
    }
  },
  "confusion_matrix": [
    [
      506,
      2,
      11,
      76,
      14,
      1,
      0
    ],
    [
      1,
      679,
      6,
      7,
      0,
      0,
      0
    ],
    [
      136,
      107,
      14370,
      1312,
      28,
      3,
      12
    ],
    [
      83,
      2,
      16,
      580,
      31,
      0,
      1
    ],
    [
      16,
      0,
      5,
      66,
      116,
      4,
      7
    ],
    [
      4,
      0,
      0,
      3,
      14,
      7,
      1
    ],
    [
      4,
      0,
      0,
      10,
      13,
      1,
      17
    ]
  ]
}