{
  "macro_f1": 0.5776053628213939,
  "report": {
    "0": {
      "precision": 0.6426799007444168,
      "recall": 0.8491803278688524,
      "f1-score": 0.731638418079096,
      "support": 610.0
    },
    "1": {
      "precision": 0.8564231738035264,
      "recall": 0.9812409812409812,
      "f1-score": 0.9145931405514459,
      "support": 693.0
    },
    "2": {
      "precision": 0.9972971099868321,
      "recall": 0.9011773547094188,
      "f1-score": 0.9468039609171958,
      "support": 15968.0
    },
    "3": {
      "precision": 0.2882882882882883,
      "recall": 0.7629733520336606,
      "f1-score": 0.41846153846153844,
      "support": 713.0
    },
    "4": {
      "precision": 0.434640522875817,
      "recall": 0.6214953271028038,
      "f1-score": 0.5115384615384615,
      "support": 214.0
    },
    "5": {
      "precision": 0.2857142857142857,
      "recall": 0.06896551724137931,
      "f1-score": 0.1111111111111111,
      "support": 29.0
    },
    "6": {
      "precision": 0.4186046511627907,
      "recall": 0.4,
      "f1-score": 0.4090909090909091,
      "support": 45.0
    },
    "accuracy": 0.8912543782837128,
    "macro avg": {
      "precision": 0.5605211332251366,
      "recall": 0.6550046943138709,
      "f1-score": 0.5776053628213939,
      "support": 18272.0
    },
    "weighted avg": {
      "precision": 0.9433046079357862,
      "recall": 0.8912543782837128,
      "f1-score": 0.9100340274835708,
      "support": 18272.0
    }
  },
  "confusion_matrix": [
    [
      518,
      2,
      11,
      59,
      19,
      1,
      0
    ],
    [
      4,
      680,
      5,
      4,
      0,
      0,
      0
    ],
    [
      164,
      110,
      14390,
      1225,
      63,
      1,
      15
    ],
    [
      93,
      2,
      18,
      544,
      53,
      0,
      3
    ],
    [
      19,
      0,
      5,
      48,
      133,
      3,
      6
    ],
    [
      4,
      0,
      0,
      1,
      21,
      2,
      1
    ],
    [
      4,
      0,
      0,
      6,
      17,
      0,
      18
    ]
  ]
}