{
  "macro_f1": 0.7791531575946476,
  "report": {
    "0": {
      "precision": 0.8036529680365296,
      "recall": 0.8655737704918033,
      "f1-score": 0.8334648776637726,
      "support": 610.0
    },
    "1": {
      "precision": 0.8992042440318302,
      "recall": 0.9783549783549783,
      "f1-score": 0.9371112646855563,
      "support": 693.0
    },
    "2": {
      "precision": 0.9867938834828763,
      "recall": 0.9780185370741483,
      "f1-score": 0.9823866138265082,
      "support": 15968.0
    },
    "3": {
      "precision": 0.6194805194805195,
      "recall": 0.6690042075736325,
      "f1-score": 0.6432906271072151,
      "support": 713.0
    },
    "4": {
      "precision": 0.764102564102564,
      "recall": 0.6962616822429907,
      "f1-score": 0.7286063569682152,
      "support": 214.0
    },
    "5": {
      "precision": 0.5666666666666667,
      "recall": 0.5862068965517241,
      "f1-score": 0.576271186440678,
      "support": 29.0
    },
    "6": {
      "precision": 0.8,
      "recall": 0.7111111111111111,
      "f1-score": 0.7529411764705882,
      "support": 45.0
    },
    "accuracy": 0.9576401050788091,
    "macro avg": {
      "precision": 0.7771286922572838,
      "recall": 0.7835044547714841,
      "f1-score": 0.7791531575946476,
      "support": 18272.0
    },
    "weighted avg": {
      "precision": 0.9592897589487632,
      "recall": 0.9576401050788091,
      "f1-score": 0.9582838948254307,
      "support": 18272.0
    }
  },
  "confusion_matrix": [
    [
      528,
      1,
      36,
      38,
      7,
      0,
      0
    ],
    [
      1,
      678,
      14,
      0,
      0,
      0,
      0
    ],
    [
      32,
      74,
      15617,
      232,
      10,
      0,
      3
    ],
    [
      81,
      0,
      136,
      477,
      17,
      0,
      2
    ],
    [
      11,
      0,
      17,
      23,
      149,
      12,
      2
    ],
    [
      2,
      0,
      1,
      0,
      8,
      17,
      1
    ],
    [
      2,
      1,
      5,
      0,
      4,
      1,
      32
    ]
  ],
  "labels": [
    0,
    1,
    2,
    3,
    4,
    5,
    6
  ]
}