{
  "macro_f1": 0.7849218491225256,
  "report": {
    "0": {
      "precision": 0.796711509715994,
      "recall": 0.8737704918032787,
      "f1-score": 0.8334636434714621,
      "support": 610.0
    },
    "1": {
      "precision": 0.9513590844062947,
      "recall": 0.9595959595959596,
      "f1-score": 0.9554597701149425,
      "support": 693.0
    },
    "2": {
      "precision": 0.98302324124538,
      "recall": 0.9827154308617234,
      "f1-score": 0.9828693119539006,
      "support": 15968.0
    },
    "3": {
      "precision": 0.6422287390029325,
      "recall": 0.6143057503506312,
      "f1-score": 0.6279569892473118,
      "support": 713.0
    },
    "4": {
      "precision": 0.7692307692307693,
      "recall": 0.7009345794392523,
      "f1-score": 0.7334963325183375,
      "support": 214.0
    },
    "5": {
      "precision": 0.5862068965517241,
      "recall": 0.5862068965517241,
      "f1-score": 0.5862068965517241,
      "support": 29.0
    },
    "6": {
      "precision": 0.8857142857142857,
      "recall": 0.6888888888888889,
      "f1-score": 0.775,
      "support": 45.0
    },
    "accuracy": 0.9591725043782837,
    "macro avg": {
      "precision": 0.8020677894096259,
      "recall": 0.7723454282130655,
      "f1-score": 0.7849218491225256,
      "support": 18272.0
    },
    "weighted avg": {
      "precision": 0.9589307465525483,
      "recall": 0.9591725043782837,
      "f1-score": 0.9589306132322346,
      "support": 18272.0
    }
  },
  "confusion_matrix": [
    [
      533,
      0,
      43,
      27,
      7,
      0,
      0
    ],
    [
      1,
      665,
      27,
      0,
      0,
      0,
      0
    ],
    [
      33,
      34,
      15692,
      199,
      9,
      0,
      1
    ],
    [
      87,
      0,
      171,
      438,
      16,
      0,
      1
    ],
    [
      11,
      0,
      23,
      18,
      150,
      11,
      1
    ],
    [
      2,
      0,
      1,
      0,
      8,
      17,
      1
    ],
    [
      2,
      0,
      6,
      0,
      5,
      1,
      31
    ]
  ],
  "labels": [
    0,
    1,
    2,
    3,
    4,
    5,
    6
  ]
}