{
  "macro_f1": 0.78451407455835,
  "report": {
    "0": {
      "precision": 0.836424957841484,
      "recall": 0.8131147540983606,
      "f1-score": 0.8246051537822111,
      "support": 610.0
    },
    "1": {
      "precision": 0.9396067415730337,
      "recall": 0.9653679653679653,
      "f1-score": 0.9523131672597864,
      "support": 693.0
    },
    "2": {
      "precision": 0.9822837110304244,
      "recall": 0.9826528056112225,
      "f1-score": 0.9824682236553753,
      "support": 15968.0
    },
    "3": {
      "precision": 0.6238286479250335,
      "recall": 0.6535764375876578,
      "f1-score": 0.6383561643835617,
      "support": 713.0
    },
    "4": {
      "precision": 0.7821229050279329,
      "recall": 0.6542056074766355,
      "f1-score": 0.712468193384224,
      "support": 214.0
    },
    "5": {
      "precision": 0.5862068965517241,
      "recall": 0.5862068965517241,
      "f1-score": 0.5862068965517241,
      "support": 29.0
    },
    "6": {
      "precision": 0.868421052631579,
      "recall": 0.7333333333333333,
      "f1-score": 0.7951807228915663,
      "support": 45.0
    },
    "accuracy": 0.9584063047285464,
    "macro avg": {
      "precision": 0.8026992732258874,
      "recall": 0.7697796857181285,
      "f1-score": 0.78451407455835,
      "support": 18272.0
    },
    "weighted avg": {
      "precision": 0.9585549512337005,
      "recall": 0.9584063047285464,
      "f1-score": 0.9583742357249913,
      "support": 18272.0
    }
  },
  "confusion_matrix": [
    [
      496,
      1,
      57,
      48,
      8,
      0,
      0
    ],
    [
      1,
      669,
      23,
      0,
      0,
      0,
      0
    ],
    [
      17,
      42,
      15691,
      211,
      6,
      0,
      1
    ],
    [
      68,
      0,
      164,
      466,
      13,
      0,
      2
    ],
    [
      8,
      0,
      31,
      22,
      140,
      12,
      1
    ],
    [
      1,
      0,
      2,
      0,
      8,
      17,
      1
    ],
    [
      2,
      0,
      6,
      0,
      4,
      0,
      33
    ]
  ],
  "labels": [
    0,
    1,
    2,
    3,
    4,
    5,
    6
  ]
}