{
  "macro_f1": 0.7763416807235749,
  "report": {
    "0": {
      "precision": 0.796923076923077,
      "recall": 0.8491803278688524,
      "f1-score": 0.8222222222222222,
      "support": 610.0
    },
    "1": {
      "precision": 0.8992042440318302,
      "recall": 0.9783549783549783,
      "f1-score": 0.9371112646855563,
      "support": 693.0
    },
    "2": {
      "precision": 0.9870212092434315,
      "recall": 0.9763276553106213,
      "f1-score": 0.9816453105814942,
      "support": 15968.0
    },
    "3": {
      "precision": 0.6002475247524752,
      "recall": 0.6802244039270687,
      "f1-score": 0.6377383300460223,
      "support": 713.0
    },
    "4": {
      "precision": 0.7602040816326531,
      "recall": 0.6962616822429907,
      "f1-score": 0.7268292682926829,
      "support": 214.0
    },
    "5": {
      "precision": 0.5714285714285714,
      "recall": 0.5517241379310345,
      "f1-score": 0.5614035087719298,
      "support": 29.0
    },
    "6": {
      "precision": 0.8048780487804879,
      "recall": 0.7333333333333333,
      "f1-score": 0.7674418604651163,
      "support": 45.0
    },
    "accuracy": 0.9560529772329247,
    "macro avg": {
      "precision": 0.7742723938275037,
      "recall": 0.780772359852697,
      "f1-score": 0.7763416807235749,
      "support": 18272.0
    },
    "weighted avg": {
      "precision": 0.9584871599507828,
      "recall": 0.9560529772329247,
      "f1-score": 0.9570353797920704,
      "support": 18272.0
    }
  },
  "confusion_matrix": [
    [
      518,
      1,
      38,
      46,
      7,
      0,
      0
    ],
    [
      1,
      678,
      14,
      0,
      0,
      0,
      0
    ],
    [
      38,
      74,
      15590,
      253,
      10,
      0,
      3
    ],
    [
      78,
      0,
      131,
      485,
      17,
      0,
      2
    ],
    [
      11,
      0,
      16,
      24,
      149,
      12,
      2
    ],
    [
      2,
      0,
      1,
      0,
      9,
      16,
      1
    ],
    [
      2,
      1,
      5,
      0,
      4,
      0,
      33
    ]
  ],
  "labels": [
    0,
    1,
    2,
    3,
    4,
    5,
    6
  ]
}