{
  "macro_f1": 0.7775813724743932,
  "report": {
    "0": {
      "precision": 0.7975646879756468,
      "recall": 0.8590163934426229,
      "f1-score": 0.8271507498026835,
      "support": 610.0
    },
    "1": {
      "precision": 0.8992042440318302,
      "recall": 0.9783549783549783,
      "f1-score": 0.9371112646855563,
      "support": 693.0
    },
    "2": {
      "precision": 0.986841272853799,
      "recall": 0.9768912825651302,
      "f1-score": 0.9818410700236034,
      "support": 15968.0
    },
    "3": {
      "precision": 0.6083650190114068,
      "recall": 0.6732117812061711,
      "f1-score": 0.6391478029294274,
      "support": 713.0
    },
    "4": {
      "precision": 0.764102564102564,
      "recall": 0.6962616822429907,
      "f1-score": 0.7286063569682152,
      "support": 214.0
    },
    "5": {
      "precision": 0.5666666666666667,
      "recall": 0.5862068965517241,
      "f1-score": 0.576271186440678,
      "support": 29.0
    },
    "6": {
      "precision": 0.8,
      "recall": 0.7111111111111111,
      "f1-score": 0.7529411764705882,
      "support": 45.0
    },
    "accuracy": 0.9566002626970228,
    "macro avg": {
      "precision": 0.774677779234559,
      "recall": 0.7830077322106755,
      "f1-score": 0.7775813724743932,
      "support": 18272.0
    },
    "weighted avg": {
      "precision": 0.9586941761337061,
      "recall": 0.9566002626970228,
      "f1-score": 0.9574346886586832,
      "support": 18272.0
    }
  },
  "confusion_matrix": [
    [
      524,
      1,
      39,
      39,
      7,
      0,
      0
    ],
    [
      1,
      678,
      14,
      0,
      0,
      0,
      0
    ],
    [
      35,
      74,
      15599,
      247,
      10,
      0,
      3
    ],
    [
      82,
      0,
      132,
      480,
      17,
      0,
      2
    ],
    [
      11,
      0,
      17,
      23,
      149,
      12,
      2
    ],
    [
      2,
      0,
      1,
      0,
      8,
      17,
      1
    ],
    [
      2,
      1,
      5,
      0,
      4,
      1,
      32
    ]
  ],
  "labels": [
    0,
    1,
    2,
    3,
    4,
    5,
    6
  ]
}