{
  "macro_f1": 0.783730064354928,
  "report": {
    "0": {
      "precision": 0.8358714043993232,
      "recall": 0.8098360655737705,
      "f1-score": 0.8226477935054122,
      "support": 610.0
    },
    "1": {
      "precision": 0.9553956834532374,
      "recall": 0.9581529581529582,
      "f1-score": 0.9567723342939481,
      "support": 693.0
    },
    "2": {
      "precision": 0.9845263555164172,
      "recall": 0.9802104208416834,
      "f1-score": 0.982363647775058,
      "support": 15968.0
    },
    "3": {
      "precision": 0.5893719806763285,
      "recall": 0.6844319775596073,
      "f1-score": 0.6333549643088904,
      "support": 713.0
    },
    "4": {
      "precision": 0.7578947368421053,
      "recall": 0.6728971962616822,
      "f1-score": 0.7128712871287128,
      "support": 214.0
    },
    "5": {
      "precision": 0.6071428571428571,
      "recall": 0.5862068965517241,
      "f1-score": 0.5964912280701754,
      "support": 29.0
    },
    "6": {
      "precision": 0.8095238095238095,
      "recall": 0.7555555555555555,
      "f1-score": 0.7816091954022989,
      "support": 45.0
    },
    "accuracy": 0.95736646234676,
    "macro avg": {
      "precision": 0.7913895467934396,
      "recall": 0.7781844386424259,
      "f1-score": 0.783730064354928,
      "support": 18272.0
    },
    "weighted avg": {
      "precision": 0.9593550251967479,
      "recall": 0.95736646234676,
      "f1-score": 0.9581790889766338,
      "support": 18272.0
    }
  },
  "confusion_matrix": [
    [
      494,
      0,
      47,
      60,
      9,
      0,
      0
    ],
    [
      1,
      664,
      28,
      0,
      0,
      0,
      0
    ],
    [
      20,
      31,
      15652,
      254,
      8,
      0,
      3
    ],
    [
      65,
      0,
      143,
      488,
      15,
      0,
      2
    ],
    [
      8,
      0,
      23,
      26,
      144,
      11,
      2
    ],
    [
      1,
      0,
      1,
      0,
      9,
      17,
      1
    ],
    [
      2,
      0,
      4,
      0,
      5,
      0,
      34
    ]
  ],
  "labels": [
    0,
    1,
    2,
    3,
    4,
    5,
    6
  ]
}