{
  "macro_f1": 0.7385967690223306,
  "report": {
    "0": {
      "precision": 0.6989528795811518,
      "recall": 0.8754098360655738,
      "f1-score": 0.777292576419214,
      "support": 610.0
    },
    "1": {
      "precision": 0.8915032679738563,
      "recall": 0.9841269841269841,
      "f1-score": 0.9355281207133059,
      "support": 693.0
    },
    "2": {
      "precision": 0.9871392923411607,
      "recall": 0.966182364729459,
      "f1-score": 0.9765484064942874,
      "support": 15968.0
    },
    "3": {
      "precision": 0.5419126328217237,
      "recall": 0.6437587657784011,
      "f1-score": 0.5884615384615385,
      "support": 713.0
    },
    "4": {
      "precision": 0.6237113402061856,
      "recall": 0.5654205607476636,
      "f1-score": 0.5931372549019608,
      "support": 214.0
    },
    "5": {
      "precision": 0.6153846153846154,
      "recall": 0.5517241379310345,
      "f1-score": 0.5818181818181818,
      "support": 29.0
    },
    "6": {
      "precision": 0.7021276595744681,
      "recall": 0.7333333333333333,
      "f1-score": 0.717391304347826,
      "support": 45.0
    },
    "accuracy": 0.9453261821366025,
    "macro avg": {
      "precision": 0.7229616696975946,
      "recall": 0.7599937118160642,
      "f1-score": 0.7385967690223306,
      "support": 18272.0
    },
    "weighted avg": {
      "precision": 0.950969410786288,
      "recall": 0.9453261821366025,
      "f1-score": 0.9474416702939635,
      "support": 18272.0
    }
  },
  "confusion_matrix": [
    [
      534,
      2,
      33,
      36,
      5,
      0,
      0
    ],
    [
      0,
      682,
      11,
      0,
      0,
      0,
      0
    ],
    [
      105,
      79,
      15428,
      322,
      27,
      1,
      6
    ],
    [
      94,
      1,
      129,
      459,
      28,
      0,
      2
    ],
    [
      28,
      0,
      21,
      30,
      121,
      9,
      5
    ],
    [
      1,
      0,
      0,
      0,
      11,
      16,
      1
    ],
    [
      2,
      1,
      7,
      0,
      2,
      0,
      33
    ]
  ],
  "labels": [
    0,
    1,
    2,
    3,
    4,
    5,
    6
  ]
}