{
  "macro_f1": 0.7303317733949732,
  "report": {
    "0": {
      "precision": 0.7078804347826086,
      "recall": 0.8540983606557377,
      "f1-score": 0.774145616641902,
      "support": 610.0
    },
    "1": {
      "precision": 0.8758002560819462,
      "recall": 0.987012987012987,
      "f1-score": 0.9280868385345997,
      "support": 693.0
    },
    "2": {
      "precision": 0.9899870801033591,
      "recall": 0.9597319639278558,
      "f1-score": 0.9746247774103282,
      "support": 15968.0
    },
    "3": {
      "precision": 0.503061224489796,
      "recall": 0.6914446002805049,
      "f1-score": 0.5823981098641465,
      "support": 713.0
    },
    "4": {
      "precision": 0.5753424657534246,
      "recall": 0.5887850467289719,
      "f1-score": 0.581986143187067,
      "support": 214.0
    },
    "5": {
      "precision": 0.5714285714285714,
      "recall": 0.5517241379310345,
      "f1-score": 0.5614035087719298,
      "support": 29.0
    },
    "6": {
      "precision": 0.6875,
      "recall": 0.7333333333333333,
      "f1-score": 0.7096774193548387,
      "support": 45.0
    },
    "accuracy": 0.9412215411558669,
    "macro avg": {
      "precision": 0.7015714332342436,
      "recall": 0.7665900614100608,
      "f1-score": 0.7303317733949732,
      "support": 18272.0
    },
    "weighted avg": {
      "precision": 0.9509722639599661,
      "recall": 0.9412215411558669,
      "f1-score": 0.944954713416412,
      "support": 18272.0
    }
  },
  "confusion_matrix": [
    [
      521,
      2,
      27,
      50,
      9,
      1,
      0
    ],
    [
      0,
      684,
      9,
      0,
      0,
      0,
      0
    ],
    [
      101,
      92,
      15325,
      407,
      35,
      1,
      7
    ],
    [
      87,
      2,
      95,
      493,
      34,
      0,
      2
    ],
    [
      24,
      0,
      19,
      30,
      126,
      10,
      5
    ],
    [
      1,
      0,
      0,
      0,
      11,
      16,
      1
    ],
    [
      2,
      1,
      5,
      0,
      4,
      0,
      33
    ]
  ],
  "labels": [
    0,
    1,
    2,
    3,
    4,
    5,
    6
  ]
}