{
  "macro_f1": 0.7790731091621904,
  "report": {
    "0": {
      "precision": 0.8152866242038217,
      "recall": 0.839344262295082,
      "f1-score": 0.827140549273021,
      "support": 610.0
    },
    "1": {
      "precision": 0.9190672153635117,
      "recall": 0.9668109668109668,
      "f1-score": 0.9423347398030942,
      "support": 693.0
    },
    "2": {
      "precision": 0.9844644317252658,
      "recall": 0.9802104208416834,
      "f1-score": 0.9823328207863935,
      "support": 15968.0
    },
    "3": {
      "precision": 0.6265223274695535,
      "recall": 0.6493688639551192,
      "f1-score": 0.6377410468319559,
      "support": 713.0
    },
    "4": {
      "precision": 0.745,
      "recall": 0.6962616822429907,
      "f1-score": 0.7198067632850241,
      "support": 214.0
    },
    "5": {
      "precision": 0.5294117647058824,
      "recall": 0.6206896551724138,
      "f1-score": 0.5714285714285714,
      "support": 29.0
    },
    "6": {
      "precision": 0.7906976744186046,
      "recall": 0.7555555555555555,
      "f1-score": 0.7727272727272727,
      "support": 45.0
    },
    "accuracy": 0.9576401050788091,
    "macro avg": {
      "precision": 0.7729214339838056,
      "recall": 0.7868916295534015,
      "f1-score": 0.7790731091621904,
      "support": 18272.0
    },
    "weighted avg": {
      "precision": 0.9583647779559649,
      "recall": 0.9576401050788091,
      "f1-score": 0.9579452912453782,
      "support": 18272.0
    }
  },
  "confusion_matrix": [
    [
      512,
      1,
      49,
      39,
      9,
      0,
      0
    ],
    [
      1,
      670,
      22,
      0,
      0,
      0,
      0
    ],
    [
      26,
      58,
      15652,
      218,
      11,
      0,
      3
    ],
    [
      77,
      0,
      152,
      463,
      18,
      0,
      3
    ],
    [
      9,
      0,
      19,
      19,
      149,
      16,
      2
    ],
    [
      1,
      0,
      1,
      0,
      8,
      18,
      1
    ],
    [
      2,
      0,
      4,
      0,
      5,
      0,
      34
    ]
  ],
  "labels": [
    0,
    1,
    2,
    3,
    4,
    5,
    6
  ]
}