{
  "macro_f1": 0.7739050487500183,
  "report": {
    "0": {
      "precision": 0.7927927927927928,
      "recall": 0.8655737704918033,
      "f1-score": 0.8275862068965517,
      "support": 610.0
    },
    "1": {
      "precision": 0.8970976253298153,
      "recall": 0.9812409812409812,
      "f1-score": 0.9372846312887664,
      "support": 693.0
    },
    "2": {
      "precision": 0.9875878665062378,
      "recall": 0.9766407815631263,
      "f1-score": 0.9820838187600365,
      "support": 15968.0
    },
    "3": {
      "precision": 0.6104060913705583,
      "recall": 0.6746143057503506,
      "f1-score": 0.6409060626249167,
      "support": 713.0
    },
    "4": {
      "precision": 0.7487437185929648,
      "recall": 0.6962616822429907,
      "f1-score": 0.7215496368038741,
      "support": 214.0
    },
    "5": {
      "precision": 0.5357142857142857,
      "recall": 0.5172413793103449,
      "f1-score": 0.5263157894736842,
      "support": 29.0
    },
    "6": {
      "precision": 0.8095238095238095,
      "recall": 0.7555555555555555,
      "f1-score": 0.7816091954022989,
      "support": 45.0
    },
    "accuracy": 0.9567644483362522,
    "macro avg": {
      "precision": 0.7688380271186378,
      "recall": 0.7810183508793076,
      "f1-score": 0.7739050487500183,
      "support": 18272.0
    },
    "weighted avg": {
      "precision": 0.9589815178945467,
      "recall": 0.9567644483362522,
      "f1-score": 0.957645220570584,
      "support": 18272.0
    }
  },
  "confusion_matrix": [
    [
      528,
      1,
      36,
      37,
      8,
      0,
      0
    ],
    [
      1,
      680,
      12,
      0,
      0,
      0,
      0
    ],
    [
      35,
      77,
      15595,
      247,
      11,
      0,
      3
    ],
    [
      85,
      0,
      128,
      481,
      17,
      0,
      2
    ],
    [
      13,
      0,
      15,
      22,
      149,
      13,
      2
    ],
    [
      2,
      0,
      1,
      0,
      10,
      15,
      1
    ],
    [
      2,
      0,
      4,
      1,
      4,
      0,
      34
    ]
  ],
  "labels": [
    0,
    1,
    2,
    3,
    4,
    5,
    6
  ]
}