{
  "macro_f1": 0.718404630543651,
  "report": {
    "0": {
      "precision": 0.799660441426146,
      "recall": 0.7721311475409836,
      "f1-score": 0.7856547122602169,
      "support": 610.0
    },
    "1": {
      "precision": 0.9645494830132939,
      "recall": 0.9422799422799423,
      "f1-score": 0.9532846715328467,
      "support": 693.0
    },
    "2": {
      "precision": 0.972176054170514,
      "recall": 0.9890405811623246,
      "f1-score": 0.9805358085245087,
      "support": 15968.0
    },
    "3": {
      "precision": 0.6616541353383458,
      "recall": 0.49368863955119213,
      "f1-score": 0.5654618473895582,
      "support": 713.0
    },
    "4": {
      "precision": 0.6906077348066298,
      "recall": 0.5841121495327103,
      "f1-score": 0.6329113924050633,
      "support": 214.0
    },
    "5": {
      "precision": 0.47058823529411764,
      "recall": 0.27586206896551724,
      "f1-score": 0.34782608695652173,
      "support": 29.0
    },
    "6": {
      "precision": 0.9354838709677419,
      "recall": 0.6444444444444445,
      "f1-score": 0.7631578947368421,
      "support": 45.0
    },
    "accuracy": 0.953973292469352,
    "macro avg": {
      "precision": 0.7849599935738271,
      "recall": 0.6716512819253022,
      "f1-score": 0.718404630543651,
      "support": 18272.0
    },
    "weighted avg": {
      "precision": 0.9498263014861462,
      "recall": 0.953973292469352,
      "f1-score": 0.9511885857770734,
      "support": 18272.0
    }
  },
  "confusion_matrix": [
    [
      471,
      0,
      98,
      30,
      10,
      1,
      0
    ],
    [
      0,
      653,
      39,
      1,
      0,
      0,
      0
    ],
    [
      20,
      24,
      15793,
      125,
      6,
      0,
      0
    ],
    [
      81,
      0,
      260,
      352,
      19,
      0,
      1
    ],
    [
      12,
      0,
      45,
      24,
      125,
      8,
      0
    ],
    [
      4,
      0,
      2,
      0,
      14,
      8,
      1
    ],
    [
      1,
      0,
      8,
      0,
      7,
      0,
      29
    ]
  ]
}