{
  "macro_f1": 0.7577276161307633,
  "report": {
    "0": {
      "precision": 0.7786377708978328,
      "recall": 0.8245901639344262,
      "f1-score": 0.8009554140127388,
      "support": 610.0
    },
    "1": {
      "precision": 0.88296488946684,
      "recall": 0.9797979797979798,
      "f1-score": 0.9288645690834473,
      "support": 693.0
    },
    "2": {
      "precision": 0.9909289758106021,
      "recall": 0.9646167334669339,
      "f1-score": 0.9775958365067275,
      "support": 15968.0
    },
    "3": {
      "precision": 0.5221674876847291,
      "recall": 0.7433380084151473,
      "f1-score": 0.6134259259259259,
      "support": 713.0
    },
    "4": {
      "precision": 0.6857142857142857,
      "recall": 0.6728971962616822,
      "f1-score": 0.6792452830188679,
      "support": 214.0
    },
    "5": {
      "precision": 0.5,
      "recall": 0.6551724137931034,
      "f1-score": 0.5671641791044776,
      "support": 29.0
    },
    "6": {
      "precision": 0.7,
      "recall": 0.7777777777777778,
      "f1-score": 0.7368421052631579,
      "support": 45.0
    },
    "accuracy": 0.9475153239929948,
    "macro avg": {
      "precision": 0.7229162013677557,
      "recall": 0.8025986104924357,
      "f1-score": 0.7577276161307633,
      "support": 18272.0
    },
    "weighted avg": {
      "precision": 0.9563849534946345,
      "recall": 0.9475153239929948,
      "f1-score": 0.9509015487053483,
      "support": 18272.0
    }
  },
  "confusion_matrix": [
    [
      503,
      2,
      29,
      63,
      12,
      0,
      1
    ],
    [
      1,
      679,
      13,
      0,
      0,
      0,
      0
    ],
    [
      55,
      87,
      15403,
      394,
      18,
      2,
      9
    ],
    [
      71,
      1,
      83,
      530,
      26,
      0,
      2
    ],
    [
      13,
      0,
      12,
      28,
      144,
      15,
      2
    ],
    [
      1,
      0,
      1,
      0,
      7,
      19,
      1
    ],
    [
      2,
      0,
      3,
      0,
      3,
      2,
      35
    ]
  ]
}