{
  "macro_f1": 0.76540115887538,
  "report": {
    "0": {
      "precision": 0.763235294117647,
      "recall": 0.8508196721311475,
      "f1-score": 0.8046511627906977,
      "support": 610.0
    },
    "1": {
      "precision": 0.8864229765013055,
      "recall": 0.9797979797979798,
      "f1-score": 0.9307745030843043,
      "support": 693.0
    },
    "2": {
      "precision": 0.9887676303529261,
      "recall": 0.970253006012024,
      "f1-score": 0.9794228277017416,
      "support": 15968.0
    },
    "3": {
      "precision": 0.5726190476190476,
      "recall": 0.6746143057503506,
      "f1-score": 0.6194462330972311,
      "support": 713.0
    },
    "4": {
      "precision": 0.6495726495726496,
      "recall": 0.7102803738317757,
      "f1-score": 0.6785714285714286,
      "support": 214.0
    },
    "5": {
      "precision": 0.5,
      "recall": 0.6551724137931034,
      "f1-score": 0.5671641791044776,
      "support": 29.0
    },
    "6": {
      "precision": 0.7777777777777778,
      "recall": 0.7777777777777778,
      "f1-score": 0.7777777777777778,
      "support": 45.0
    },
    "accuracy": 0.9510726795096323,
    "macro avg": {
      "precision": 0.7340564822773361,
      "recall": 0.8026736470134511,
      "f1-score": 0.76540115887538,
      "support": 18272.0
    },
    "weighted avg": {
      "precision": 0.9558500493412666,
      "recall": 0.9510726795096323,
      "f1-score": 0.953021829235322,
      "support": 18272.0
    }
  },
  "confusion_matrix": [
    [
      519,
      2,
      34,
      42,
      12,
      0,
      1
    ],
    [
      1,
      679,
      13,
      0,
      0,
      0,
      0
    ],
    [
      59,
      84,
      15493,
      298,
      28,
      2,
      4
    ],
    [
      85,
      1,
      113,
      481,
      31,
      0,
      2
    ],
    [
      13,
      0,
      13,
      19,
      152,
      15,
      2
    ],
    [
      1,
      0,
      0,
      0,
      8,
      19,
      1
    ],
    [
      2,
      0,
      3,
      0,
      3,
      2,
      35
    ]
  ]
}