{
  "macro_f1": 0.7610832269409046,
  "report": {
    "0": {
      "precision": 0.7964743589743589,
      "recall": 0.8147540983606557,
      "f1-score": 0.8055105348460292,
      "support": 610.0
    },
    "1": {
      "precision": 0.9170068027210885,
      "recall": 0.9725829725829725,
      "f1-score": 0.9439775910364145,
      "support": 693.0
    },
    "2": {
      "precision": 0.9897939656822096,
      "recall": 0.971756012024048,
      "f1-score": 0.9806920524569442,
      "support": 15968.0
    },
    "3": {
      "precision": 0.5526036131774708,
      "recall": 0.729312762973352,
      "f1-score": 0.6287787182587666,
      "support": 713.0
    },
    "4": {
      "precision": 0.6728971962616822,
      "recall": 0.6728971962616822,
      "f1-score": 0.6728971962616822,
      "support": 214.0
    },
    "5": {
      "precision": 0.5277777777777778,
      "recall": 0.6551724137931034,
      "f1-score": 0.5846153846153846,
      "support": 29.0
    },
    "6": {
      "precision": 0.7111111111111111,
      "recall": 0.7111111111111111,
      "f1-score": 0.7111111111111111,
      "support": 45.0
    },
    "accuracy": 0.9524408931698775,
    "macro avg": {
      "precision": 0.7382378322436712,
      "recall": 0.7896552238724179,
      "f1-score": 0.7610832269409046,
      "support": 18272.0
    },
    "weighted avg": {
      "precision": 0.9583886300911059,
      "recall": 0.9524408931698775,
      "f1-score": 0.9548216759385478,
      "support": 18272.0
    }
  },
  "confusion_matrix": [
    [
      497,
      2,
      24,
      70,
      14,
      0,
      3
    ],
    [
      1,
      674,
      18,
      0,
      0,
      0,
      0
    ],
    [
      43,
      56,
      15517,
      321,
      24,
      2,
      5
    ],
    [
      69,
      3,
      100,
      520,
      20,
      0,
      1
    ],
    [
      13,
      0,
      14,
      26,
      144,
      14,
      3
    ],
    [
      0,
      0,
      1,
      2,
      6,
      19,
      1
    ],
    [
      1,
      0,
      3,
      2,
      6,
      1,
      32
    ]
  ]
}