{
  "macro_f1": 0.7550360533229498,
  "report": {
    "0": {
      "precision": 0.7993579454253612,
      "recall": 0.8163934426229508,
      "f1-score": 0.8077858880778589,
      "support": 610.0
    },
    "1": {
      "precision": 0.9109311740890689,
      "recall": 0.974025974025974,
      "f1-score": 0.9414225941422594,
      "support": 693.0
    },
    "2": {
      "precision": 0.9903446511925315,
      "recall": 0.969939879759519,
      "f1-score": 0.9800360679596292,
      "support": 15968.0
    },
    "3": {
      "precision": 0.5430051813471503,
      "recall": 0.7349228611500701,
      "f1-score": 0.6245530393325387,
      "support": 713.0
    },
    "4": {
      "precision": 0.6621621621621622,
      "recall": 0.6869158878504673,
      "f1-score": 0.6743119266055045,
      "support": 214.0
    },
    "5": {
      "precision": 0.5,
      "recall": 0.6206896551724138,
      "f1-score": 0.5538461538461539,
      "support": 29.0
    },
    "6": {
      "precision": 0.6956521739130435,
      "recall": 0.7111111111111111,
      "f1-score": 0.7032967032967034,
      "support": 45.0
    },
    "accuracy": 0.9512915936952715,
    "macro avg": {
      "precision": 0.728779041161331,
      "recall": 0.7877141159560723,
      "f1-score": 0.7550360533229498,
      "support": 18272.0
    },
    "weighted avg": {
      "precision": 0.9581532829151077,
      "recall": 0.9512915936952715,
      "f1-score": 0.9540110629430281,
      "support": 18272.0
    }
  },
  "confusion_matrix": [
    [
      498,
      2,
      21,
      72,
      14,
      0,
      3
    ],
    [
      1,
      675,
      16,
      0,
      0,
      1,
      0
    ],
    [
      43,
      61,
      15488,
      341,
      27,
      2,
      6
    ],
    [
      67,
      3,
      97,
      524,
      21,
      0,
      1
    ],
    [
      13,
      0,
      13,
      24,
      147,
      14,
      3
    ],
    [
      0,
      0,
      1,
      2,
      7,
      18,
      1
    ],
    [
      1,
      0,
      3,
      2,
      6,
      1,
      32
    ]
  ]
}