{
  "macro_f1": 0.776693261034465,
  "report": {
    "0": {
      "precision": 0.8006088280060882,
      "recall": 0.8622950819672132,
      "f1-score": 0.8303078137332282,
      "support": 610.0
    },
    "1": {
      "precision": 0.8982826948480845,
      "recall": 0.9812409812409812,
      "f1-score": 0.9379310344827586,
      "support": 693.0
    },
    "2": {
      "precision": 0.9880235726506559,
      "recall": 0.9764529058116233,
      "f1-score": 0.9822041639106743,
      "support": 15968.0
    },
    "3": {
      "precision": 0.6129441624365483,
      "recall": 0.6774193548387096,
      "f1-score": 0.6435709526982012,
      "support": 713.0
    },
    "4": {
      "precision": 0.7219512195121951,
      "recall": 0.6915887850467289,
      "f1-score": 0.7064439140811456,
      "support": 214.0
    },
    "5": {
      "precision": 0.5,
      "recall": 0.6551724137931034,
      "f1-score": 0.5671641791044776,
      "support": 29.0
    },
    "6": {
      "precision": 0.7608695652173914,
      "recall": 0.7777777777777778,
      "f1-score": 0.7692307692307693,
      "support": 45.0
    },
    "accuracy": 0.956819176882662,
    "macro avg": {
      "precision": 0.7546685775244234,
      "recall": 0.8031353286394481,
      "f1-score": 0.776693261034465,
      "support": 18272.0
    },
    "weighted avg": {
      "precision": 0.959276903454836,
      "recall": 0.956819176882662,
      "f1-score": 0.9578271834115625,
      "support": 18272.0
    }
  },
  "confusion_matrix": [
    [
      526,
      1,
      37,
      38,
      8,
      0,
      0
    ],
    [
      1,
      680,
      12,
      0,
      0,
      0,
      0
    ],
    [
      34,
      76,
      15592,
      245,
      15,
      1,
      5
    ],
    [
      82,
      0,
      123,
      483,
      22,
      0,
      3
    ],
    [
      10,
      0,
      14,
      22,
      148,
      18,
      2
    ],
    [
      2,
      0,
      0,
      0,
      7,
      19,
      1
    ],
    [
      2,
      0,
      3,
      0,
      5,
      0,
      35
    ]
  ],
  "labels": [
    0,
    1,
    2,
    3,
    4,
    5,
    6
  ]
}