{
  "macro_f1": 0.009230257085357182,
  "report": {
    "0": {
      "precision": 0.033384413309982486,
      "recall": 1.0,
      "f1-score": 0.06461179959750027,
      "support": 610.0
    },
    "1": {
      "precision": 0.0,
      "recall": 0.0,
      "f1-score": 0.0,
      "support": 693.0
    },
    "2": {
      "precision": 0.0,
      "recall": 0.0,
      "f1-score": 0.0,
      "support": 15968.0
    },
    "3": {
      "precision": 0.0,
      "recall": 0.0,
      "f1-score": 0.0,
      "support": 713.0
    },
    "4": {
      "precision": 0.0,
      "recall": 0.0,
      "f1-score": 0.0,
      "support": 214.0
    },
    "5": {
      "precision": 0.0,
      "recall": 0.0,
      "f1-score": 0.0,
      "support": 29.0
    },
    "6": {
      "precision": 0.0,
      "recall": 0.0,
      "f1-score": 0.0,
      "support": 45.0
    },
    "accuracy": 0.033384413309982486,
    "macro avg": {
      "precision": 0.004769201901426069,
      "recall": 0.14285714285714285,
      "f1-score": 0.009230257085357182,
      "support": 18272.0
    },
    "weighted avg": {
      "precision": 0.0011145190520517358,
      "recall": 0.033384413309982486,
      "f1-score": 0.002157027022464709,
      "support": 18272.0
    }
  },
  "confusion_matrix": [
    [
      610,
      0,
      0,
      0,
      0,
      0,
      0
    ],
    [
      693,
      0,
      0,
      0,
      0,
      0,
      0
    ],
    [
      15968,
      0,
      0,
      0,
      0,
      0,
      0
    ],
    [
      713,
      0,
      0,
      0,
      0,
      0,
      0
    ],
    [
      214,
      0,
      0,
      0,
      0,
      0,
      0
    ],
    [
      29,
      0,
      0,
      0,
      0,
      0,
      0
    ],
    [
      45,
      0,
      0,
      0,
      0,
      0,
      0
    ]
  ]
}