{
  "macro_f1": 0.784319145682285,
  "report": {
    "0": {
      "precision": 0.8053375196232339,
      "recall": 0.840983606557377,
      "f1-score": 0.8227746591820368,
      "support": 610.0
    },
    "1": {
      "precision": 0.9634502923976608,
      "recall": 0.950937950937951,
      "f1-score": 0.9571532316630356,
      "support": 693.0
    },
    "2": {
      "precision": 0.984780831394252,
      "recall": 0.9806487975951904,
      "f1-score": 0.9827104709906178,
      "support": 15968.0
    },
    "3": {
      "precision": 0.6116129032258064,
      "recall": 0.664796633941094,
      "f1-score": 0.6370967741935484,
      "support": 713.0
    },
    "4": {
      "precision": 0.7512437810945274,
      "recall": 0.705607476635514,
      "f1-score": 0.727710843373494,
      "support": 214.0
    },
    "5": {
      "precision": 0.5666666666666667,
      "recall": 0.5862068965517241,
      "f1-score": 0.576271186440678,
      "support": 29.0
    },
    "6": {
      "precision": 0.7954545454545454,
      "recall": 0.7777777777777778,
      "f1-score": 0.7865168539325843,
      "support": 45.0
    },
    "accuracy": 0.9581873905429071,
    "macro avg": {
      "precision": 0.7826495056938132,
      "recall": 0.7867084485709468,
      "f1-score": 0.784319145682285,
      "support": 18272.0
    },
    "weighted avg": {
      "precision": 0.9595546307102772,
      "recall": 0.9581873905429071,
      "f1-score": 0.9588006663604087,
      "support": 18272.0
    }
  },
  "confusion_matrix": [
    [
      513,
      0,
      42,
      46,
      9,
      0,
      0
    ],
    [
      1,
      659,
      33,
      0,
      0,
      0,
      0
    ],
    [
      33,
      25,
      15659,
      236,
      11,
      0,
      4
    ],
    [
      76,
      0,
      144,
      474,
      17,
      0,
      2
    ],
    [
      10,
      0,
      19,
      19,
      151,
      13,
      2
    ],
    [
      2,
      0,
      1,
      0,
      8,
      17,
      1
    ],
    [
      2,
      0,
      3,
      0,
      5,
      0,
      35
    ]
  ],
  "labels": [
    0,
    1,
    2,
    3,
    4,
    5,
    6
  ]
}