{
  "macro_f1": 0.7772750749958571,
  "report": {
    "0": {
      "precision": 0.7975646879756468,
      "recall": 0.8590163934426229,
      "f1-score": 0.8271507498026835,
      "support": 610.0
    },
    "1": {
      "precision": 0.8992042440318302,
      "recall": 0.9783549783549783,
      "f1-score": 0.9371112646855563,
      "support": 693.0
    },
    "2": {
      "precision": 0.986841272853799,
      "recall": 0.9768912825651302,
      "f1-score": 0.9818410700236034,
      "support": 15968.0
    },
    "3": {
      "precision": 0.6083650190114068,
      "recall": 0.6732117812061711,
      "f1-score": 0.6391478029294274,
      "support": 713.0
    },
    "4": {
      "precision": 0.7602040816326531,
      "recall": 0.6962616822429907,
      "f1-score": 0.7268292682926829,
      "support": 214.0
    },
    "5": {
      "precision": 0.5714285714285714,
      "recall": 0.5517241379310345,
      "f1-score": 0.5614035087719298,
      "support": 29.0
    },
    "6": {
      "precision": 0.8048780487804879,
      "recall": 0.7333333333333333,
      "f1-score": 0.7674418604651163,
      "support": 45.0
    },
    "accuracy": 0.9566002626970228,
    "macro avg": {
      "precision": 0.7754979893877707,
      "recall": 0.7812562270108945,
      "f1-score": 0.7772750749958571,
      "support": 18272.0
    },
    "weighted avg": {
      "precision": 0.9586680887970519,
      "recall": 0.9566002626970228,
      "f1-score": 0.9574259907137838,
      "support": 18272.0
    }
  },
  "confusion_matrix": [
    [
      524,
      1,
      39,
      39,
      7,
      0,
      0
    ],
    [
      1,
      678,
      14,
      0,
      0,
      0,
      0
    ],
    [
      35,
      74,
      15599,
      247,
      10,
      0,
      3
    ],
    [
      82,
      0,
      132,
      480,
      17,
      0,
      2
    ],
    [
      11,
      0,
      17,
      23,
      149,
      12,
      2
    ],
    [
      2,
      0,
      1,
      0,
      9,
      16,
      1
    ],
    [
      2,
      1,
      5,
      0,
      4,
      0,
      33
    ]
  ],
  "labels": [
    0,
    1,
    2,
    3,
    4,
    5,
    6
  ]
}