{
  "macro_f1": 0.760650066408919,
  "report": {
    "0": {
      "precision": 0.7517433751743375,
      "recall": 0.8836065573770492,
      "f1-score": 0.8123587038432555,
      "support": 610.0
    },
    "1": {
      "precision": 0.8658227848101265,
      "recall": 0.987012987012987,
      "f1-score": 0.9224544841537424,
      "support": 693.0
    },
    "2": {
      "precision": 0.9925590423811065,
      "recall": 0.9606713426853707,
      "f1-score": 0.9763548992775992,
      "support": 15968.0
    },
    "3": {
      "precision": 0.5148221343873518,
      "recall": 0.7307152875175316,
      "f1-score": 0.6040579710144928,
      "support": 713.0
    },
    "4": {
      "precision": 0.6952380952380952,
      "recall": 0.6822429906542056,
      "f1-score": 0.6886792452830188,
      "support": 214.0
    },
    "5": {
      "precision": 0.5454545454545454,
      "recall": 0.6206896551724138,
      "f1-score": 0.5806451612903226,
      "support": 29.0
    },
    "6": {
      "precision": 0.6727272727272727,
      "recall": 0.8222222222222222,
      "f1-score": 0.74,
      "support": 45.0
    },
    "accuracy": 0.9459829246935202,
    "macro avg": {
      "precision": 0.7197667500246908,
      "recall": 0.8124515775202542,
      "f1-score": 0.760650066408919,
      "support": 18272.0
    },
    "weighted avg": {
      "precision": 0.9560913682553258,
      "recall": 0.9459829246935202,
      "f1-score": 0.9497287762712868,
      "support": 18272.0
    }
  },
  "confusion_matrix": [
    [
      539,
      3,
      26,
      35,
      7,
      0,
      0
    ],
    [
      1,
      684,
      8,
      0,
      0,
      0,
      0
    ],
    [
      68,
      99,
      15340,
      428,
      21,
      1,
      11
    ],
    [
      89,
      3,
      72,
      521,
      25,
      0,
      3
    ],
    [
      16,
      0,
      9,
      26,
      146,
      14,
      3
    ],
    [
      2,
      0,
      0,
      0,
      8,
      18,
      1
    ],
    [
      2,
      1,
      0,
      2,
      3,
      0,
      37
    ]
  ],
  "labels": [
    0,
    1,
    2,
    3,
    4,
    5,
    6
  ]
}