{
  "macro_f1": 0.7704801233843307,
  "report": {
    "0": {
      "precision": 0.785824345146379,
      "recall": 0.8360655737704918,
      "f1-score": 0.8101667990468626,
      "support": 610.0
    },
    "1": {
      "precision": 0.887012987012987,
      "recall": 0.9855699855699855,
      "f1-score": 0.9336978810663021,
      "support": 693.0
    },
    "2": {
      "precision": 0.9906060996010809,
      "recall": 0.9641783567134269,
      "f1-score": 0.9772135829895271,
      "support": 15968.0
    },
    "3": {
      "precision": 0.5081184336198663,
      "recall": 0.7461430575035063,
      "f1-score": 0.6045454545454545,
      "support": 713.0
    },
    "4": {
      "precision": 0.7239583333333334,
      "recall": 0.6495327102803738,
      "f1-score": 0.6847290640394089,
      "support": 214.0
    },
    "5": {
      "precision": 0.6071428571428571,
      "recall": 0.5862068965517241,
      "f1-score": 0.5964912280701754,
      "support": 29.0
    },
    "6": {
      "precision": 0.7954545454545454,
      "recall": 0.7777777777777778,
      "f1-score": 0.7865168539325843,
      "support": 45.0
    },
    "accuracy": 0.9474605954465849,
    "macro avg": {
      "precision": 0.7568739430444354,
      "recall": 0.7922106225953266,
      "f1-score": 0.7704801233843307,
      "support": 18272.0
    },
    "weighted avg": {
      "precision": 0.956801071195066,
      "recall": 0.9474605954465849,
      "f1-score": 0.9509449050465548,
      "support": 18272.0
    }
  },
  "confusion_matrix": [
    [
      510,
      3,
      35,
      54,
      8,
      0,
      0
    ],
    [
      1,
      683,
      9,
      0,
      0,
      0,
      0
    ],
    [
      47,
      84,
      15396,
      422,
      16,
      0,
      3
    ],
    [
      74,
      0,
      88,
      532,
      16,
      0,
      3
    ],
    [
      13,
      0,
      12,
      37,
      139,
      11,
      2
    ],
    [
      2,
      0,
      0,
      0,
      9,
      17,
      1
    ],
    [
      2,
      0,
      2,
      2,
      4,
      0,
      35
    ]
  ],
  "labels": [
    0,
    1,
    2,
    3,
    4,
    5,
    6
  ]
}