{
  "macro_f1": 0.7855694573430823,
  "report": {
    "0": {
      "precision": 0.8034591194968553,
      "recall": 0.8377049180327869,
      "f1-score": 0.8202247191011236,
      "support": 610.0
    },
    "1": {
      "precision": 0.9634502923976608,
      "recall": 0.950937950937951,
      "f1-score": 0.9571532316630356,
      "support": 693.0
    },
    "2": {
      "precision": 0.9850755667506297,
      "recall": 0.9796467935871743,
      "f1-score": 0.9823536799799045,
      "support": 15968.0
    },
    "3": {
      "precision": 0.6022584692597239,
      "recall": 0.6732117812061711,
      "f1-score": 0.6357615894039735,
      "support": 713.0
    },
    "4": {
      "precision": 0.7524752475247525,
      "recall": 0.7102803738317757,
      "f1-score": 0.7307692307692307,
      "support": 214.0
    },
    "5": {
      "precision": 0.5862068965517241,
      "recall": 0.5862068965517241,
      "f1-score": 0.5862068965517241,
      "support": 29.0
    },
    "6": {
      "precision": 0.7954545454545454,
      "recall": 0.7777777777777778,
      "f1-score": 0.7865168539325843,
      "support": 45.0
    },
    "accuracy": 0.9575853765323993,
    "macro avg": {
      "precision": 0.7840543053479845,
      "recall": 0.787966641703623,
      "f1-score": 0.7855694573430823,
      "support": 18272.0
    },
    "weighted avg": {
      "precision": 0.9594299043069534,
      "recall": 0.9575853765323993,
      "f1-score": 0.9584032244510674,
      "support": 18272.0
    }
  },
  "confusion_matrix": [
    [
      511,
      0,
      42,
      48,
      9,
      0,
      0
    ],
    [
      1,
      659,
      33,
      0,
      0,
      0,
      0
    ],
    [
      36,
      25,
      15643,
      249,
      11,
      0,
      4
    ],
    [
      74,
      0,
      140,
      480,
      17,
      0,
      2
    ],
    [
      10,
      0,
      18,
      20,
      152,
      12,
      2
    ],
    [
      2,
      0,
      1,
      0,
      8,
      17,
      1
    ],
    [
      2,
      0,
      3,
      0,
      5,
      0,
      35
    ]
  ],
  "labels": [
    0,
    1,
    2,
    3,
    4,
    5,
    6
  ]
}