{
  "macro_f1": 0.7763300170512759,
  "report": {
    "0": {
      "precision": 0.7962962962962963,
      "recall": 0.8459016393442623,
      "f1-score": 0.8203497615262321,
      "support": 610.0
    },
    "1": {
      "precision": 0.8992042440318302,
      "recall": 0.9783549783549783,
      "f1-score": 0.9371112646855563,
      "support": 693.0
    },
    "2": {
      "precision": 0.9872022301064369,
      "recall": 0.9758266533066132,
      "f1-score": 0.9814814814814815,
      "support": 15968.0
    },
    "3": {
      "precision": 0.5956151035322778,
      "recall": 0.6858345021037868,
      "f1-score": 0.6375488917861799,
      "support": 713.0
    },
    "4": {
      "precision": 0.764102564102564,
      "recall": 0.6962616822429907,
      "f1-score": 0.7286063569682152,
      "support": 214.0
    },
    "5": {
      "precision": 0.5666666666666667,
      "recall": 0.5862068965517241,
      "f1-score": 0.576271186440678,
      "support": 29.0
    },
    "6": {
      "precision": 0.8,
      "recall": 0.7111111111111111,
      "f1-score": 0.7529411764705882,
      "support": 45.0
    },
    "accuracy": 0.9557246059544658,
    "macro avg": {
      "precision": 0.7727267292480101,
      "recall": 0.7827853518593525,
      "f1-score": 0.7763300170512759,
      "support": 18272.0
    },
    "weighted avg": {
      "precision": 0.9584697538892393,
      "recall": 0.9557246059544658,
      "f1-score": 0.9568310034389826,
      "support": 18272.0
    }
  },
  "confusion_matrix": [
    [
      516,
      1,
      38,
      48,
      7,
      0,
      0
    ],
    [
      1,
      678,
      14,
      0,
      0,
      0,
      0
    ],
    [
      39,
      74,
      15582,
      260,
      10,
      0,
      3
    ],
    [
      77,
      0,
      128,
      489,
      17,
      0,
      2
    ],
    [
      11,
      0,
      16,
      24,
      149,
      12,
      2
    ],
    [
      2,
      0,
      1,
      0,
      8,
      17,
      1
    ],
    [
      2,
      1,
      5,
      0,
      4,
      1,
      32
    ]
  ],
  "labels": [
    0,
    1,
    2,
    3,
    4,
    5,
    6
  ]
}