{
  "macro_f1": 0.7750533609042636,
  "report": {
    "0": {
      "precision": 0.7813884785819794,
      "recall": 0.8672131147540983,
      "f1-score": 0.822066822066822,
      "support": 610.0
    },
    "1": {
      "precision": 0.9077540106951871,
      "recall": 0.9797979797979798,
      "f1-score": 0.9424011103400416,
      "support": 693.0
    },
    "2": {
      "precision": 0.9876119687440442,
      "recall": 0.9735721442885772,
      "f1-score": 0.9805418020120471,
      "support": 15968.0
    },
    "3": {
      "precision": 0.5714285714285714,
      "recall": 0.6844319775596073,
      "f1-score": 0.6228462029355456,
      "support": 713.0
    },
    "4": {
      "precision": 0.7853107344632768,
      "recall": 0.6495327102803738,
      "f1-score": 0.710997442455243,
      "support": 214.0
    },
    "5": {
      "precision": 0.5277777777777778,
      "recall": 0.6551724137931034,
      "f1-score": 0.5846153846153846,
      "support": 29.0
    },
    "6": {
      "precision": 0.8205128205128205,
      "recall": 0.7111111111111111,
      "f1-score": 0.7619047619047619,
      "support": 45.0
    },
    "accuracy": 0.9540280210157618,
    "macro avg": {
      "precision": 0.7688263374576653,
      "recall": 0.7886902073692644,
      "f1-score": 0.7750533609042636,
      "support": 18272.0
    },
    "weighted avg": {
      "precision": 0.9579477954977024,
      "recall": 0.9540280210157618,
      "f1-score": 0.9555231272588007,
      "support": 18272.0
    }
  },
  "confusion_matrix": [
    [
      529,
      1,
      38,
      35,
      7,
      0,
      0
    ],
    [
      1,
      679,
      13,
      0,
      0,
      0,
      0
    ],
    [
      43,
      68,
      15546,
      302,
      7,
      0,
      2
    ],
    [
      85,
      0,
      124,
      488,
      14,
      0,
      2
    ],
    [
      15,
      0,
      14,
      28,
      139,
      16,
      2
    ],
    [
      2,
      0,
      0,
      0,
      7,
      19,
      1
    ],
    [
      2,
      0,
      6,
      1,
      3,
      1,
      32
    ]
  ],
  "labels": [
    0,
    1,
    2,
    3,
    4,
    5,
    6
  ]
}