{
  "macro_f1": 0.7668410045137327,
  "report": {
    "0": {
      "precision": 0.7678062678062678,
      "recall": 0.8836065573770492,
      "f1-score": 0.8216463414634146,
      "support": 610.0
    },
    "1": {
      "precision": 0.8767650834403081,
      "recall": 0.9855699855699855,
      "f1-score": 0.9279891304347826,
      "support": 693.0
    },
    "2": {
      "precision": 0.9911373707533235,
      "recall": 0.966495490981964,
      "f1-score": 0.9786613399283427,
      "support": 15968.0
    },
    "3": {
      "precision": 0.5414893617021277,
      "recall": 0.7138849929873773,
      "f1-score": 0.6158499697519662,
      "support": 713.0
    },
    "4": {
      "precision": 0.7309644670050761,
      "recall": 0.6728971962616822,
      "f1-score": 0.7007299270072993,
      "support": 214.0
    },
    "5": {
      "precision": 0.5135135135135135,
      "recall": 0.6551724137931034,
      "f1-score": 0.5757575757575758,
      "support": 29.0
    },
    "6": {
      "precision": 0.7391304347826086,
      "recall": 0.7555555555555555,
      "f1-score": 0.7472527472527473,
      "support": 45.0
    },
    "accuracy": 0.9501422942206655,
    "macro avg": {
      "precision": 0.7372580712861749,
      "recall": 0.8047403132181025,
      "f1-score": 0.7668410045137327,
      "support": 18272.0
    },
    "weighted avg": {
      "precision": 0.957372079392778,
      "recall": 0.9501422942206655,
      "f1-score": 0.9528757436403144,
      "support": 18272.0
    }
  },
  "confusion_matrix": [
    [
      539,
      2,
      27,
      35,
      7,
      0,
      0
    ],
    [
      1,
      683,
      9,
      0,
      0,
      0,
      0
    ],
    [
      56,
      91,
      15433,
      366,
      15,
      1,
      6
    ],
    [
      88,
      2,
      90,
      509,
      21,
      0,
      3
    ],
    [
      14,
      0,
      10,
      28,
      144,
      16,
      2
    ],
    [
      2,
      0,
      0,
      0,
      7,
      19,
      1
    ],
    [
      2,
      1,
      2,
      2,
      3,
      1,
      34
    ]
  ],
  "labels": [
    0,
    1,
    2,
    3,
    4,
    5,
    6
  ]
}