{
  "macro_f1": 0.7551711191350711,
  "report": {
    "0": {
      "precision": 0.7774480712166172,
      "recall": 0.8590163934426229,
      "f1-score": 0.8161993769470405,
      "support": 610.0
    },
    "1": {
      "precision": 0.8837209302325582,
      "recall": 0.987012987012987,
      "f1-score": 0.9325153374233128,
      "support": 693.0
    },
    "2": {
      "precision": 0.9899609949485261,
      "recall": 0.9695641282565131,
      "f1-score": 0.9796564052266903,
      "support": 15968.0
    },
    "3": {
      "precision": 0.5618729096989966,
      "recall": 0.7068723702664796,
      "f1-score": 0.6260869565217392,
      "support": 713.0
    },
    "4": {
      "precision": 0.7,
      "recall": 0.6542056074766355,
      "f1-score": 0.6763285024154589,
      "support": 214.0
    },
    "5": {
      "precision": 0.47058823529411764,
      "recall": 0.5517241379310345,
      "f1-score": 0.5079365079365079,
      "support": 29.0
    },
    "6": {
      "precision": 0.6851851851851852,
      "recall": 0.8222222222222222,
      "f1-score": 0.7474747474747475,
      "support": 45.0
    },
    "accuracy": 0.9515652364273205,
    "macro avg": {
      "precision": 0.7241109037965715,
      "recall": 0.7929454066583563,
      "f1-score": 0.7551711191350711,
      "support": 18272.0
    },
    "weighted avg": {
      "precision": 0.9571614969463446,
      "recall": 0.9515652364273205,
      "f1-score": 0.9537417386884456,
      "support": 18272.0
    }
  },
  "confusion_matrix": [
    [
      524,
      3,
      31,
      41,
      9,
      0,
      2
    ],
    [
      1,
      684,
      8,
      0,
      0,
      0,
      0
    ],
    [
      57,
      85,
      15482,
      319,
      15,
      1,
      9
    ],
    [
      79,
      1,
      105,
      504,
      22,
      0,
      2
    ],
    [
      10,
      0,
      11,
      33,
      140,
      17,
      3
    ],
    [
      1,
      0,
      0,
      0,
      11,
      16,
      1
    ],
    [
      2,
      1,
      2,
      0,
      3,
      0,
      37
    ]
  ],
  "labels": [
    0,
    1,
    2,
    3,
    4,
    5,
    6
  ]
}