{
  "macro_f1": 0.7711955129888626,
  "report": {
    "0": {
      "precision": 0.7981366459627329,
      "recall": 0.8426229508196721,
      "f1-score": 0.8197767145135566,
      "support": 610.0
    },
    "1": {
      "precision": 0.9076305220883534,
      "recall": 0.9783549783549783,
      "f1-score": 0.9416666666666667,
      "support": 693.0
    },
    "2": {
      "precision": 0.9878714757429515,
      "recall": 0.9742610220440882,
      "f1-score": 0.9810190440156388,
      "support": 15968.0
    },
    "3": {
      "precision": 0.5845238095238096,
      "recall": 0.6886395511921458,
      "f1-score": 0.6323245331616226,
      "support": 713.0
    },
    "4": {
      "precision": 0.6896551724137931,
      "recall": 0.7476635514018691,
      "f1-score": 0.7174887892376681,
      "support": 214.0
    },
    "5": {
      "precision": 0.6666666666666666,
      "recall": 0.41379310344827586,
      "f1-score": 0.5106382978723404,
      "support": 29.0
    },
    "6": {
      "precision": 0.813953488372093,
      "recall": 0.7777777777777778,
      "f1-score": 0.7954545454545454,
      "support": 45.0
    },
    "accuracy": 0.9548489492119089,
    "macro avg": {
      "precision": 0.7783482543957714,
      "recall": 0.7747304192912582,
      "f1-score": 0.7711955129888626,
      "support": 18272.0
    },
    "weighted avg": {
      "precision": 0.9583239904720364,
      "recall": 0.9548489492119089,
      "f1-score": 0.9562469816615501,
      "support": 18272.0
    }
  },
  "confusion_matrix": [
    [
      514,
      3,
      39,
      44,
      10,
      0,
      0
    ],
    [
      1,
      678,
      14,
      0,
      0,
      0,
      0
    ],
    [
      43,
      66,
      15557,
      280,
      18,
      0,
      4
    ],
    [
      73,
      0,
      122,
      491,
      25,
      0,
      2
    ],
    [
      10,
      0,
      12,
      25,
      160,
      6,
      1
    ],
    [
      1,
      0,
      0,
      0,
      15,
      12,
      1
    ],
    [
      2,
      0,
      4,
      0,
      4,
      0,
      35
    ]
  ],
  "labels": [
    0,
    1,
    2,
    3,
    4,
    5,
    6
  ]
}