{
  "macro_f1": 0.6989787492800934,
  "report": {
    "0": {
      "precision": 0.6340269277845777,
      "recall": 0.8491803278688524,
      "f1-score": 0.7259985984583042,
      "support": 610.0
    },
    "1": {
      "precision": 0.8681177976952625,
      "recall": 0.9783549783549783,
      "f1-score": 0.9199457259158752,
      "support": 693.0
    },
    "2": {
      "precision": 0.9958037225042301,
      "recall": 0.9214053106212425,
      "f1-score": 0.9571609797352243,
      "support": 15968.0
    },
    "3": {
      "precision": 0.3633398564905414,
      "recall": 0.7812061711079944,
      "f1-score": 0.4959928762243989,
      "support": 713.0
    },
    "4": {
      "precision": 0.5409252669039146,
      "recall": 0.7102803738317757,
      "f1-score": 0.6141414141414141,
      "support": 214.0
    },
    "5": {
      "precision": 0.5185185185185185,
      "recall": 0.4827586206896552,
      "f1-score": 0.5,
      "support": 29.0
    },
    "6": {
      "precision": 0.603448275862069,
      "recall": 0.7777777777777778,
      "f1-score": 0.6796116504854369,
      "support": 45.0
    },
    "accuracy": 0.9121606830122592,
    "macro avg": {
      "precision": 0.6463114808227306,
      "recall": 0.7858519371788966,
      "f1-score": 0.6989787492800934,
      "support": 18272.0
    },
    "weighted avg": {
      "precision": 0.947152333348565,
      "recall": 0.9121606830122592,
      "f1-score": 0.9246103198980645,
      "support": 18272.0
    }
  },
  "confusion_matrix": [
    [
      518,
      1,
      15,
      61,
      13,
      2,
      0
    ],
    [
      3,
      678,
      9,
      3,
      0,
      0,
      0
    ],
    [
      189,
      101,
      14713,
      881,
      64,
      1,
      19
    ],
    [
      91,
      1,
      27,
      557,
      35,
      0,
      2
    ],
    [
      11,
      0,
      10,
      30,
      152,
      10,
      1
    ],
    [
      2,
      0,
      0,
      1,
      11,
      14,
      1
    ],
    [
      3,
      0,
      1,
      0,
      6,
      0,
      35
    ]
  ]
}