{
  "macro_f1": 0.7788468601161116,
  "report": {
    "0": {
      "precision": 0.8036529680365296,
      "recall": 0.8655737704918033,
      "f1-score": 0.8334648776637726,
      "support": 610.0
    },
    "1": {
      "precision": 0.8992042440318302,
      "recall": 0.9783549783549783,
      "f1-score": 0.9371112646855563,
      "support": 693.0
    },
    "2": {
      "precision": 0.9867938834828763,
      "recall": 0.9780185370741483,
      "f1-score": 0.9823866138265082,
      "support": 15968.0
    },
    "3": {
      "precision": 0.6194805194805195,
      "recall": 0.6690042075736325,
      "f1-score": 0.6432906271072151,
      "support": 713.0
    },
    "4": {
      "precision": 0.7602040816326531,
      "recall": 0.6962616822429907,
      "f1-score": 0.7268292682926829,
      "support": 214.0
    },
    "5": {
      "precision": 0.5714285714285714,
      "recall": 0.5517241379310345,
      "f1-score": 0.5614035087719298,
      "support": 29.0
    },
    "6": {
      "precision": 0.8048780487804879,
      "recall": 0.7333333333333333,
      "f1-score": 0.7674418604651163,
      "support": 45.0
    },
    "accuracy": 0.9576401050788091,
    "macro avg": {
      "precision": 0.7779489024104954,
      "recall": 0.781752949571703,
      "f1-score": 0.7788468601161116,
      "support": 18272.0
    },
    "weighted avg": {
      "precision": 0.959263671612109,
      "recall": 0.9576401050788091,
      "f1-score": 0.9582751968805313,
      "support": 18272.0
    }
  },
  "confusion_matrix": [
    [
      528,
      1,
      36,
      38,
      7,
      0,
      0
    ],
    [
      1,
      678,
      14,
      0,
      0,
      0,
      0
    ],
    [
      32,
      74,
      15617,
      232,
      10,
      0,
      3
    ],
    [
      81,
      0,
      136,
      477,
      17,
      0,
      2
    ],
    [
      11,
      0,
      17,
      23,
      149,
      12,
      2
    ],
    [
      2,
      0,
      1,
      0,
      9,
      16,
      1
    ],
    [
      2,
      1,
      5,
      0,
      4,
      0,
      33
    ]
  ],
  "labels": [
    0,
    1,
    2,
    3,
    4,
    5,
    6
  ]
}