{
  "macro_f1": 0.7864000856993805,
  "report": {
    "0": {
      "precision": 0.8107255520504731,
      "recall": 0.8426229508196721,
      "f1-score": 0.8263665594855305,
      "support": 610.0
    },
    "1": {
      "precision": 0.9634502923976608,
      "recall": 0.950937950937951,
      "f1-score": 0.9571532316630356,
      "support": 693.0
    },
    "2": {
      "precision": 0.9835099379271428,
      "recall": 0.9823396793587175,
      "f1-score": 0.9829244603189523,
      "support": 15968.0
    },
    "3": {
      "precision": 0.6296296296296297,
      "recall": 0.6437587657784011,
      "f1-score": 0.636615811373093,
      "support": 713.0
    },
    "4": {
      "precision": 0.7487684729064039,
      "recall": 0.7102803738317757,
      "f1-score": 0.7290167865707434,
      "support": 214.0
    },
    "5": {
      "precision": 0.5862068965517241,
      "recall": 0.5862068965517241,
      "f1-score": 0.5862068965517241,
      "support": 29.0
    },
    "6": {
      "precision": 0.7954545454545454,
      "recall": 0.7777777777777778,
      "f1-score": 0.7865168539325843,
      "support": 45.0
    },
    "accuracy": 0.9589535901926445,
    "macro avg": {
      "precision": 0.7882493324167973,
      "recall": 0.7848463421508598,
      "f1-score": 0.7864000856993805,
      "support": 18272.0
    },
    "weighted avg": {
      "precision": 0.9593289274231797,
      "recall": 0.9589535901926445,
      "f1-score": 0.9591198827421086,
      "support": 18272.0
    }
  },
  "confusion_matrix": [
    [
      514,
      0,
      50,
      37,
      9,
      0,
      0
    ],
    [
      1,
      659,
      33,
      0,
      0,
      0,
      0
    ],
    [
      26,
      25,
      15686,
      215,
      12,
      0,
      4
    ],
    [
      79,
      0,
      156,
      459,
      17,
      0,
      2
    ],
    [
      10,
      0,
      20,
      18,
      152,
      12,
      2
    ],
    [
      2,
      0,
      1,
      0,
      8,
      17,
      1
    ],
    [
      2,
      0,
      3,
      0,
      5,
      0,
      35
    ]
  ],
  "labels": [
    0,
    1,
    2,
    3,
    4,
    5,
    6
  ]
}