{
  "macro_f1": 0.2723980137762957,
  "report": {
    "0": {
      "precision": 0.20159453302961275,
      "recall": 0.2901639344262295,
      "f1-score": 0.23790322580645162,
      "support": 610.0
    },
    "1": {
      "precision": 0.38694992412746587,
      "recall": 0.7359307359307359,
      "f1-score": 0.5072103431128792,
      "support": 693.0
    },
    "2": {
      "precision": 0.9784607302337799,
      "recall": 0.6998371743486974,
      "f1-score": 0.8160210303406477,
      "support": 15968.0
    },
    "3": {
      "precision": 0.1865222623345367,
      "recall": 0.21739130434782608,
      "f1-score": 0.20077720207253885,
      "support": 713.0
    },
    "4": {
      "precision": 0.05678591709256105,
      "recall": 0.4672897196261682,
      "f1-score": 0.10126582278481013,
      "support": 214.0
    },
    "5": {
      "precision": 0.008905852417302799,
      "recall": 0.4827586206896552,
      "f1-score": 0.017489069331667707,
      "support": 29.0
    },
    "6": {
      "precision": 0.014256619144602852,
      "recall": 0.15555555555555556,
      "f1-score": 0.026119402985074626,
      "support": 45.0
    },
    "accuracy": 0.6642950963222417,
    "macro avg": {
      "precision": 0.26192511976855165,
      "recall": 0.43556100641783824,
      "f1-score": 0.2723980137762957,
      "support": 18272.0
    },
    "weighted avg": {
      "precision": 0.8844807508660976,
      "recall": 0.6642950963222417,
      "f1-score": 0.7494170936568105,
      "support": 18272.0
    }
  },
  "confusion_matrix": [
    [
      177,
      12,
      55,
      27,
      188,
      130,
      21
    ],
    [
      13,
      510,
      46,
      17,
      16,
      83,
      8
    ],
    [
      629,
      780,
      11175,
      600,
      1199,
      1163,
      422
    ],
    [
      46,
      12,
      119,
      155,
      233,
      125,
      23
    ],
    [
      12,
      3,
      22,
      26,
      100,
      43,
      8
    ],
    [
      1,
      0,
      1,
      3,
      8,
      14,
      2
    ],
    [
      0,
      1,
      3,
      3,
      17,
      14,
      7
    ]
  ]
}