{
  "macro_f1": 0.7754261310164033,
  "report": {
    "0": {
      "precision": 0.8056872037914692,
      "recall": 0.8360655737704918,
      "f1-score": 0.8205953338696702,
      "support": 610.0
    },
    "1": {
      "precision": 0.9076305220883534,
      "recall": 0.9783549783549783,
      "f1-score": 0.9416666666666667,
      "support": 693.0
    },
    "2": {
      "precision": 0.987486501937369,
      "recall": 0.9735721442885772,
      "f1-score": 0.9804799596354578,
      "support": 15968.0
    },
    "3": {
      "precision": 0.5654627539503386,
      "recall": 0.7026647966339411,
      "f1-score": 0.626641651031895,
      "support": 713.0
    },
    "4": {
      "precision": 0.7591623036649214,
      "recall": 0.677570093457944,
      "f1-score": 0.7160493827160493,
      "support": 214.0
    },
    "5": {
      "precision": 0.5454545454545454,
      "recall": 0.6206896551724138,
      "f1-score": 0.5806451612903226,
      "support": 29.0
    },
    "6": {
      "precision": 0.8205128205128205,
      "recall": 0.7111111111111111,
      "f1-score": 0.7619047619047619,
      "support": 45.0
    },
    "accuracy": 0.9539185639229422,
    "macro avg": {
      "precision": 0.7701995216285453,
      "recall": 0.7857183361127796,
      "f1-score": 0.7754261310164033,
      "support": 18272.0
    },
    "weighted avg": {
      "precision": 0.9581336769017117,
      "recall": 0.9539185639229422,
      "f1-score": 0.9555930734549911,
      "support": 18272.0
    }
  },
  "confusion_matrix": [
    [
      510,
      1,
      46,
      45,
      8,
      0,
      0
    ],
    [
      1,
      678,
      14,
      0,
      0,
      0,
      0
    ],
    [
      33,
      68,
      15546,
      310,
      9,
      0,
      2
    ],
    [
      76,
      0,
      118,
      501,
      16,
      0,
      2
    ],
    [
      10,
      0,
      14,
      29,
      145,
      14,
      2
    ],
    [
      1,
      0,
      0,
      0,
      9,
      18,
      1
    ],
    [
      2,
      0,
      5,
      1,
      4,
      1,
      32
    ]
  ],
  "labels": [
    0,
    1,
    2,
    3,
    4,
    5,
    6
  ]
}