{
  "macro_f1": 0.7704339100860041,
  "report": {
    "0": {
      "precision": 0.7707736389684814,
      "recall": 0.8819672131147541,
      "f1-score": 0.8226299694189603,
      "support": 610.0
    },
    "1": {
      "precision": 0.879021879021879,
      "recall": 0.9855699855699855,
      "f1-score": 0.9292517006802721,
      "support": 693.0
    },
    "2": {
      "precision": 0.9907721884011534,
      "recall": 0.968248997995992,
      "f1-score": 0.979381116776993,
      "support": 15968.0
    },
    "3": {
      "precision": 0.5508196721311476,
      "recall": 0.7068723702664796,
      "f1-score": 0.6191646191646192,
      "support": 713.0
    },
    "4": {
      "precision": 0.7346938775510204,
      "recall": 0.6728971962616822,
      "f1-score": 0.7024390243902439,
      "support": 214.0
    },
    "5": {
      "precision": 0.5277777777777778,
      "recall": 0.6551724137931034,
      "f1-score": 0.5846153846153846,
      "support": 29.0
    },
    "6": {
      "precision": 0.7555555555555555,
      "recall": 0.7555555555555555,
      "f1-score": 0.7555555555555555,
      "support": 45.0
    },
    "accuracy": 0.9513463222416813,
    "macro avg": {
      "precision": 0.7442020842010022,
      "recall": 0.8037548189367932,
      "f1-score": 0.7704339100860041,
      "support": 18272.0
    },
    "weighted avg": {
      "precision": 0.957708453256542,
      "recall": 0.9513463222416813,
      "f1-score": 0.953769349466383,
      "support": 18272.0
    }
  },
  "confusion_matrix": [
    [
      538,
      2,
      27,
      36,
      7,
      0,
      0
    ],
    [
      1,
      683,
      9,
      0,
      0,
      0,
      0
    ],
    [
      52,
      89,
      15461,
      346,
      14,
      1,
      5
    ],
    [
      88,
      2,
      95,
      504,
      21,
      0,
      3
    ],
    [
      15,
      0,
      10,
      28,
      144,
      15,
      2
    ],
    [
      2,
      0,
      0,
      0,
      7,
      19,
      1
    ],
    [
      2,
      1,
      3,
      1,
      3,
      1,
      34
    ]
  ],
  "labels": [
    0,
    1,
    2,
    3,
    4,
    5,
    6
  ]
}