{
  "macro_f1": 0.7644766864504832,
  "report": {
    "0": {
      "precision": 0.7493112947658402,
      "recall": 0.8918032786885246,
      "f1-score": 0.8143712574850299,
      "support": 610.0
    },
    "1": {
      "precision": 0.9021164021164021,
      "recall": 0.9841269841269841,
      "f1-score": 0.9413388543823327,
      "support": 693.0
    },
    "2": {
      "precision": 0.9884032114183765,
      "recall": 0.9714428857715431,
      "f1-score": 0.9798496620554608,
      "support": 15968.0
    },
    "3": {
      "precision": 0.5644391408114559,
      "recall": 0.6633941093969145,
      "f1-score": 0.6099290780141844,
      "support": 713.0
    },
    "4": {
      "precision": 0.7567567567567568,
      "recall": 0.6542056074766355,
      "f1-score": 0.7017543859649122,
      "support": 214.0
    },
    "5": {
      "precision": 0.5357142857142857,
      "recall": 0.5172413793103449,
      "f1-score": 0.5263157894736842,
      "support": 29.0
    },
    "6": {
      "precision": 0.7777777777777778,
      "recall": 0.7777777777777778,
      "f1-score": 0.7777777777777778,
      "support": 45.0
    },
    "accuracy": 0.9523314360770578,
    "macro avg": {
      "precision": 0.753502695622985,
      "recall": 0.7799988603641036,
      "f1-score": 0.7644766864504832,
      "support": 18272.0
    },
    "weighted avg": {
      "precision": 0.9566547616042412,
      "recall": 0.9523314360770578,
      "f1-score": 0.9539553265088532,
      "support": 18272.0
    }
  },
  "confusion_matrix": [
    [
      544,
      1,
      31,
      29,
      5,
      0,
      0
    ],
    [
      1,
      682,
      10,
      0,
      0,
      0,
      0
    ],
    [
      61,
      73,
      15512,
      307,
      11,
      0,
      4
    ],
    [
      96,
      0,
      126,
      473,
      15,
      0,
      3
    ],
    [
      20,
      0,
      11,
      28,
      140,
      13,
      2
    ],
    [
      2,
      0,
      0,
      0,
      11,
      15,
      1
    ],
    [
      2,
      0,
      4,
      1,
      3,
      0,
      35
    ]
  ]
}