{
  "macro_f1": 0.747932023431156,
  "report": {
    "0": {
      "precision": 0.7559943582510579,
      "recall": 0.8786885245901639,
      "f1-score": 0.8127369219105383,
      "support": 610.0
    },
    "1": {
      "precision": 0.8726114649681529,
      "recall": 0.9884559884559885,
      "f1-score": 0.9269282814614344,
      "support": 693.0
    },
    "2": {
      "precision": 0.9921188630490956,
      "recall": 0.9617985971943888,
      "f1-score": 0.9767234800305266,
      "support": 15968.0
    },
    "3": {
      "precision": 0.5108695652173914,
      "recall": 0.7251051893408135,
      "f1-score": 0.5994202898550725,
      "support": 713.0
    },
    "4": {
      "precision": 0.705,
      "recall": 0.6588785046728972,
      "f1-score": 0.6811594202898551,
      "support": 214.0
    },
    "5": {
      "precision": 0.4594594594594595,
      "recall": 0.5862068965517241,
      "f1-score": 0.5151515151515151,
      "support": 29.0
    },
    "6": {
      "precision": 0.6938775510204082,
      "recall": 0.7555555555555555,
      "f1-score": 0.723404255319149,
      "support": 45.0
    },
    "accuracy": 0.9461471103327496,
    "macro avg": {
      "precision": 0.712847323137938,
      "recall": 0.7935270366230759,
      "f1-score": 0.747932023431156,
      "support": 18272.0
    },
    "weighted avg": {
      "precision": 0.9559817821280797,
      "recall": 0.9461471103327496,
      "f1-score": 0.9498193256667632,
      "support": 18272.0
    }
  },
  "confusion_matrix": [
    [
      536,
      3,
      23,
      40,
      8,
      0,
      0
    ],
    [
      1,
      685,
      7,
      0,
      0,
      0,
      0
    ],
    [
      64,
      93,
      15358,
      423,
      19,
      2,
      9
    ],
    [
      89,
      3,
      81,
      517,
      20,
      0,
      3
    ],
    [
      15,
      0,
      9,
      30,
      141,
      17,
      2
    ],
    [
      2,
      0,
      0,
      0,
      9,
      17,
      1
    ],
    [
      2,
      1,
      2,
      2,
      3,
      1,
      34
    ]
  ]
}