{
  "macro_f1": 0.7716965638032484,
  "report": {
    "0": {
      "precision": 0.7740029542097489,
      "recall": 0.8590163934426229,
      "f1-score": 0.8142968142968143,
      "support": 610.0
    },
    "1": {
      "precision": 0.871501272264631,
      "recall": 0.9884559884559885,
      "f1-score": 0.9263015551048005,
      "support": 693.0
    },
    "2": {
      "precision": 0.9855978775819595,
      "recall": 0.9771417835671342,
      "f1-score": 0.981351614830655,
      "support": 15968.0
    },
    "3": {
      "precision": 0.6111111111111112,
      "recall": 0.6325385694249649,
      "f1-score": 0.6216402481047554,
      "support": 713.0
    },
    "4": {
      "precision": 0.7888198757763976,
      "recall": 0.5934579439252337,
      "f1-score": 0.6773333333333333,
      "support": 214.0
    },
    "5": {
      "precision": 0.5588235294117647,
      "recall": 0.6551724137931034,
      "f1-score": 0.6031746031746031,
      "support": 29.0
    },
    "6": {
      "precision": 0.7777777777777778,
      "recall": 0.7777777777777778,
      "f1-score": 0.7777777777777778,
      "support": 45.0
    },
    "accuracy": 0.9546847635726795,
    "macro avg": {
      "precision": 0.7668049140190557,
      "recall": 0.7833658386266892,
      "f1-score": 0.7716965638032484,
      "support": 18272.0
    },
    "weighted avg": {
      "precision": 0.9560997510380569,
      "recall": 0.9546847635726795,
      "f1-score": 0.9549880425650542,
      "support": 18272.0
    }
  },
  "confusion_matrix": [
    [
      524,
      3,
      38,
      41,
      4,
      0,
      0
    ],
    [
      1,
      685,
      7,
      0,
      0,
      0,
      0
    ],
    [
      44,
      94,
      15603,
      217,
      6,
      0,
      4
    ],
    [
      86,
      3,
      156,
      451,
      14,
      0,
      3
    ],
    [
      18,
      0,
      24,
      28,
      127,
      15,
      2
    ],
    [
      2,
      0,
      0,
      0,
      7,
      19,
      1
    ],
    [
      2,
      1,
      3,
      1,
      3,
      0,
      35
    ]
  ],
  "labels": [
    0,
    1,
    2,
    3,
    4,
    5,
    6
  ]
}