{
  "macro_f1": 0.7084578905623512,
  "report": {
    "0": {
      "precision": 0.6950261780104712,
      "recall": 0.8704918032786885,
      "f1-score": 0.7729257641921398,
      "support": 610.0
    },
    "1": {
      "precision": 0.8423645320197044,
      "recall": 0.987012987012987,
      "f1-score": 0.9089700996677741,
      "support": 693.0
    },
    "2": {
      "precision": 0.9932664378135727,
      "recall": 0.9422595190380761,
      "f1-score": 0.9670908857179586,
      "support": 15968.0
    },
    "3": {
      "precision": 0.4187396351575456,
      "recall": 0.7082748948106592,
      "f1-score": 0.5263157894736842,
      "support": 713.0
    },
    "4": {
      "precision": 0.5901639344262295,
      "recall": 0.6728971962616822,
      "f1-score": 0.62882096069869,
      "support": 214.0
    },
    "5": {
      "precision": 0.4473684210526316,
      "recall": 0.5862068965517241,
      "f1-score": 0.5074626865671642,
      "support": 29.0
    },
    "6": {
      "precision": 0.5666666666666667,
      "recall": 0.7555555555555555,
      "f1-score": 0.6476190476190476,
      "support": 45.0
    },
    "accuracy": 0.9282508756567426,
    "macro avg": {
      "precision": 0.650513686449546,
      "recall": 0.7889569789299103,
      "f1-score": 0.7084578905623512,
      "support": 18272.0
    },
    "weighted avg": {
      "precision": 0.9485296187789098,
      "recall": 0.9282508756567426,
      "f1-score": 0.9357267062669055,
      "support": 18272.0
    }
  },
  "confusion_matrix": [
    [
      531,
      2,
      20,
      40,
      16,
      1,
      0
    ],
    [
      2,
      684,
      6,
      1,
      0,
      0,
      0
    ],
    [
      109,
      123,
      15046,
      629,
      39,
      4,
      18
    ],
    [
      104,
      2,
      66,
      505,
      32,
      0,
      4
    ],
    [
      15,
      0,
      9,
      28,
      144,
      15,
      3
    ],
    [
      2,
      0,
      0,
      0,
      9,
      17,
      1
    ],
    [
      1,
      1,
      1,
      3,
      4,
      1,
      34
    ]
  ]
}