{
  "macro_f1": 0.7198861183980345,
  "report": {
    "0": {
      "precision": 0.7047872340425532,
      "recall": 0.8688524590163934,
      "f1-score": 0.7782672540381792,
      "support": 610.0
    },
    "1": {
      "precision": 0.8496894409937888,
      "recall": 0.987012987012987,
      "f1-score": 0.9132176234979973,
      "support": 693.0
    },
    "2": {
      "precision": 0.9874509299182701,
      "recall": 0.9609218436873748,
      "f1-score": 0.9740057764941125,
      "support": 15968.0
    },
    "3": {
      "precision": 0.5052631578947369,
      "recall": 0.605890603085554,
      "f1-score": 0.5510204081632653,
      "support": 713.0
    },
    "4": {
      "precision": 0.6137339055793991,
      "recall": 0.6682242990654206,
      "f1-score": 0.639821029082774,
      "support": 214.0
    },
    "5": {
      "precision": 0.4722222222222222,
      "recall": 0.5862068965517241,
      "f1-score": 0.5230769230769231,
      "support": 29.0
    },
    "6": {
      "precision": 0.6153846153846154,
      "recall": 0.7111111111111111,
      "f1-score": 0.6597938144329897,
      "support": 45.0
    },
    "accuracy": 0.94034588441331,
    "macro avg": {
      "precision": 0.6783616437193692,
      "recall": 0.7697457427900807,
      "f1-score": 0.7198861183980345,
      "support": 18272.0
    },
    "weighted avg": {
      "precision": 0.9478628439042954,
      "recall": 0.94034588441331,
      "f1-score": 0.9432566922486987,
      "support": 18272.0
    }
  },
  "confusion_matrix": [
    [
      530,
      1,
      32,
      33,
      13,
      1,
      0
    ],
    [
      1,
      684,
      8,
      0,
      0,
      0,
      0
    ],
    [
      90,
      118,
      15344,
      367,
      34,
      2,
      13
    ],
    [
      111,
      1,
      135,
      432,
      31,
      0,
      3
    ],
    [
      16,
      0,
      15,
      22,
      143,
      15,
      3
    ],
    [
      2,
      0,
      0,
      0,
      9,
      17,
      1
    ],
    [
      2,
      1,
      5,
      1,
      3,
      1,
      32
    ]
  ]
}