{
  "macro_f1": 0.769957915577488,
  "report": {
    "0": {
      "precision": 0.7486111111111111,
      "recall": 0.8836065573770492,
      "f1-score": 0.8105263157894737,
      "support": 610.0
    },
    "1": {
      "precision": 0.8858625162127107,
      "recall": 0.9855699855699855,
      "f1-score": 0.9330601092896175,
      "support": 693.0
    },
    "2": {
      "precision": 0.9881322586786825,
      "recall": 0.9750751503006012,
      "f1-score": 0.9815602836879432,
      "support": 15968.0
    },
    "3": {
      "precision": 0.6059817945383615,
      "recall": 0.6535764375876578,
      "f1-score": 0.6288798920377868,
      "support": 713.0
    },
    "4": {
      "precision": 0.7758620689655172,
      "recall": 0.6308411214953271,
      "f1-score": 0.6958762886597938,
      "support": 214.0
    },
    "5": {
      "precision": 0.5135135135135135,
      "recall": 0.6551724137931034,
      "f1-score": 0.5757575757575758,
      "support": 29.0
    },
    "6": {
      "precision": 0.7727272727272727,
      "recall": 0.7555555555555555,
      "f1-score": 0.7640449438202247,
      "support": 45.0
    },
    "accuracy": 0.9547942206654991,
    "macro avg": {
      "precision": 0.755812933678167,
      "recall": 0.7913424602398971,
      "f1-score": 0.769957915577488,
      "support": 18272.0
    },
    "weighted avg": {
      "precision": 0.9575752807313638,
      "recall": 0.9547942206654991,
      "f1-score": 0.955723193917654,
      "support": 18272.0
    }
  },
  "confusion_matrix": [
    [
      539,
      2,
      31,
      34,
      4,
      0,
      0
    ],
    [
      1,
      683,
      9,
      0,
      0,
      0,
      0
    ],
    [
      59,
      83,
      15570,
      242,
      9,
      1,
      4
    ],
    [
      94,
      2,
      132,
      466,
      16,
      0,
      3
    ],
    [
      23,
      0,
      12,
      26,
      135,
      16,
      2
    ],
    [
      2,
      0,
      0,
      0,
      7,
      19,
      1
    ],
    [
      2,
      1,
      3,
      1,
      3,
      1,
      34
    ]
  ],
  "labels": [
    0,
    1,
    2,
    3,
    4,
    5,
    6
  ]
}