{
  "macro_f1": 0.7788659407397766,
  "report": {
    "0": {
      "precision": 0.8183279742765274,
      "recall": 0.8344262295081967,
      "f1-score": 0.8262987012987013,
      "support": 610.0
    },
    "1": {
      "precision": 0.9190672153635117,
      "recall": 0.9668109668109668,
      "f1-score": 0.9423347398030942,
      "support": 693.0
    },
    "2": {
      "precision": 0.9855008510370044,
      "recall": 0.9790205410821643,
      "f1-score": 0.9822500078539789,
      "support": 15968.0
    },
    "3": {
      "precision": 0.6094750320102432,
      "recall": 0.667601683029453,
      "f1-score": 0.6372155287817939,
      "support": 713.0
    },
    "4": {
      "precision": 0.745,
      "recall": 0.6962616822429907,
      "f1-score": 0.7198067632850241,
      "support": 214.0
    },
    "5": {
      "precision": 0.5294117647058824,
      "recall": 0.6206896551724138,
      "f1-score": 0.5714285714285714,
      "support": 29.0
    },
    "6": {
      "precision": 0.7906976744186046,
      "recall": 0.7555555555555555,
      "f1-score": 0.7727272727272727,
      "support": 45.0
    },
    "accuracy": 0.9571475481611208,
    "macro avg": {
      "precision": 0.771068644544539,
      "recall": 0.7886237590573915,
      "f1-score": 0.7788659407397766,
      "support": 18272.0
    },
    "weighted avg": {
      "precision": 0.9587068338585318,
      "recall": 0.9571475481611208,
      "f1-score": 0.9578243094952196,
      "support": 18272.0
    }
  },
  "confusion_matrix": [
    [
      509,
      1,
      43,
      48,
      9,
      0,
      0
    ],
    [
      1,
      670,
      22,
      0,
      0,
      0,
      0
    ],
    [
      27,
      58,
      15633,
      236,
      11,
      0,
      3
    ],
    [
      73,
      0,
      143,
      476,
      18,
      0,
      3
    ],
    [
      9,
      0,
      17,
      21,
      149,
      16,
      2
    ],
    [
      1,
      0,
      1,
      0,
      8,
      18,
      1
    ],
    [
      2,
      0,
      4,
      0,
      5,
      0,
      34
    ]
  ],
  "labels": [
    0,
    1,
    2,
    3,
    4,
    5,
    6
  ]
}