{
  "macro_f1": 0.7722460975643093,
  "report": {
    "0": {
      "precision": 0.7932618683001531,
      "recall": 0.8491803278688524,
      "f1-score": 0.8202692003167062,
      "support": 610.0
    },
    "1": {
      "precision": 0.8970976253298153,
      "recall": 0.9812409812409812,
      "f1-score": 0.9372846312887664,
      "support": 693.0
    },
    "2": {
      "precision": 0.9877592439906133,
      "recall": 0.9753256513026052,
      "f1-score": 0.9815030723176303,
      "support": 15968.0
    },
    "3": {
      "precision": 0.593939393939394,
      "recall": 0.6872370266479664,
      "f1-score": 0.6371911573472041,
      "support": 713.0
    },
    "4": {
      "precision": 0.7487437185929648,
      "recall": 0.6962616822429907,
      "f1-score": 0.7215496368038741,
      "support": 214.0
    },
    "5": {
      "precision": 0.5357142857142857,
      "recall": 0.5172413793103449,
      "f1-score": 0.5263157894736842,
      "support": 29.0
    },
    "6": {
      "precision": 0.8095238095238095,
      "recall": 0.7555555555555555,
      "f1-score": 0.7816091954022989,
      "support": 45.0
    },
    "accuracy": 0.9555604203152365,
    "macro avg": {
      "precision": 0.7665771350558622,
      "recall": 0.7802918005956138,
      "f1-score": 0.7722460975643093,
      "support": 18272.0
    },
    "weighted avg": {
      "precision": 0.9585043909495807,
      "recall": 0.9555604203152365,
      "f1-score": 0.9567484681259115,
      "support": 18272.0
    }
  },
  "confusion_matrix": [
    [
      518,
      1,
      37,
      46,
      8,
      0,
      0
    ],
    [
      1,
      680,
      12,
      0,
      0,
      0,
      0
    ],
    [
      38,
      77,
      15574,
      265,
      11,
      0,
      3
    ],
    [
      79,
      0,
      125,
      490,
      17,
      0,
      2
    ],
    [
      13,
      0,
      14,
      23,
      149,
      13,
      2
    ],
    [
      2,
      0,
      1,
      0,
      10,
      15,
      1
    ],
    [
      2,
      0,
      4,
      1,
      4,
      0,
      34
    ]
  ],
  "labels": [
    0,
    1,
    2,
    3,
    4,
    5,
    6
  ]
}