{
  "macro_f1": 0.7361916423428461,
  "report": {
    "0": {
      "precision": 0.7128851540616247,
      "recall": 0.8344262295081967,
      "f1-score": 0.7688821752265861,
      "support": 610.0
    },
    "1": {
      "precision": 0.8788659793814433,
      "recall": 0.9841269841269841,
      "f1-score": 0.9285228046289993,
      "support": 693.0
    },
    "2": {
      "precision": 0.9909792978129665,
      "recall": 0.9562875751503006,
      "f1-score": 0.973324409599388,
      "support": 15968.0
    },
    "3": {
      "precision": 0.48038277511961724,
      "recall": 0.7040673211781207,
      "f1-score": 0.571103526734926,
      "support": 713.0
    },
    "4": {
      "precision": 0.6140350877192983,
      "recall": 0.6542056074766355,
      "f1-score": 0.6334841628959276,
      "support": 214.0
    },
    "5": {
      "precision": 0.5384615384615384,
      "recall": 0.7241379310344828,
      "f1-score": 0.6176470588235294,
      "support": 29.0
    },
    "6": {
      "precision": 0.5737704918032787,
      "recall": 0.7777777777777778,
      "f1-score": 0.660377358490566,
      "support": 45.0
    },
    "accuracy": 0.9390871278458844,
    "macro avg": {
      "precision": 0.6841971891942525,
      "recall": 0.805004203750357,
      "f1-score": 0.7361916423428461,
      "support": 18272.0
    },
    "weighted avg": {
      "precision": 0.9513585255771194,
      "recall": 0.9390871278458844,
      "f1-score": 0.9437893921978343,
      "support": 18272.0
    }
  },
  "confusion_matrix": [
    [
      509,
      2,
      34,
      50,
      15,
      0,
      0
    ],
    [
      1,
      682,
      10,
      0,
      0,
      0,
      0
    ],
    [
      88,
      90,
      15270,
      467,
      33,
      1,
      19
    ],
    [
      96,
      1,
      83,
      502,
      29,
      0,
      2
    ],
    [
      18,
      0,
      11,
      25,
      140,
      16,
      4
    ],
    [
      0,
      0,
      0,
      0,
      7,
      21,
      1
    ],
    [
      2,
      1,
      1,
      1,
      4,
      1,
      35
    ]
  ]
}