{
  "macro_f1": 0.7456088186179545,
  "report": {
    "0": {
      "precision": 0.7772511848341233,
      "recall": 0.8065573770491803,
      "f1-score": 0.7916331456154465,
      "support": 610.0
    },
    "1": {
      "precision": 0.8875816993464052,
      "recall": 0.9797979797979798,
      "f1-score": 0.9314128943758574,
      "support": 693.0
    },
    "2": {
      "precision": 0.9888559649574852,
      "recall": 0.9613602204408818,
      "f1-score": 0.9749142639400483,
      "support": 15968.0
    },
    "3": {
      "precision": 0.48778103616813295,
      "recall": 0.699859747545582,
      "f1-score": 0.5748847926267281,
      "support": 713.0
    },
    "4": {
      "precision": 0.6223175965665236,
      "recall": 0.677570093457944,
      "f1-score": 0.6487695749440716,
      "support": 214.0
    },
    "5": {
      "precision": 0.5384615384615384,
      "recall": 0.7241379310344828,
      "f1-score": 0.6176470588235294,
      "support": 29.0
    },
    "6": {
      "precision": 0.6181818181818182,
      "recall": 0.7555555555555555,
      "f1-score": 0.68,
      "support": 45.0
    },
    "accuracy": 0.9424802977232924,
    "macro avg": {
      "precision": 0.7029186912165752,
      "recall": 0.8006912721259437,
      "f1-score": 0.7456088186179545,
      "support": 18272.0
    },
    "weighted avg": {
      "precision": 0.9524773861495007,
      "recall": 0.9424802977232924,
      "f1-score": 0.9464228126154418,
      "support": 18272.0
    }
  },
  "confusion_matrix": [
    [
      492,
      2,
      38,
      62,
      15,
      1,
      0
    ],
    [
      1,
      679,
      13,
      0,
      0,
      0,
      0
    ],
    [
      50,
      82,
      15351,
      437,
      33,
      1,
      14
    ],
    [
      75,
      1,
      107,
      499,
      29,
      0,
      2
    ],
    [
      13,
      0,
      13,
      24,
      145,
      15,
      4
    ],
    [
      0,
      0,
      0,
      0,
      7,
      21,
      1
    ],
    [
      2,
      1,
      2,
      1,
      4,
      1,
      34
    ]
  ]
}