{
  "macro_f1": 0.7581213962692728,
  "report": {
    "0": {
      "precision": 0.7636363636363637,
      "recall": 0.8262295081967214,
      "f1-score": 0.7937007874015748,
      "support": 610.0
    },
    "1": {
      "precision": 0.9168937329700273,
      "recall": 0.9711399711399712,
      "f1-score": 0.9432375613174492,
      "support": 693.0
    },
    "2": {
      "precision": 0.9849087579718381,
      "recall": 0.9768286573146293,
      "f1-score": 0.9808520672850181,
      "support": 15968.0
    },
    "3": {
      "precision": 0.5849802371541502,
      "recall": 0.6227208976157083,
      "f1-score": 0.6032608695652174,
      "support": 713.0
    },
    "4": {
      "precision": 0.6862745098039216,
      "recall": 0.6542056074766355,
      "f1-score": 0.6698564593301436,
      "support": 214.0
    },
    "5": {
      "precision": 0.5161290322580645,
      "recall": 0.5517241379310345,
      "f1-score": 0.5333333333333333,
      "support": 29.0
    },
    "6": {
      "precision": 0.7659574468085106,
      "recall": 0.8,
      "f1-score": 0.782608695652174,
      "support": 45.0
    },
    "accuracy": 0.9528787215411558,
    "macro avg": {
      "precision": 0.7455400115146966,
      "recall": 0.7718355399535286,
      "f1-score": 0.7581213962692728,
      "support": 18272.0
    },
    "weighted avg": {
      "precision": 0.9545554984288275,
      "recall": 0.9528787215411558,
      "f1-score": 0.9536025208506342,
      "support": 18272.0
    }
  },
  "confusion_matrix": [
    [
      504,
      3,
      40,
      50,
      12,
      0,
      1
    ],
    [
      2,
      673,
      18,
      0,
      0,
      0,
      0
    ],
    [
      57,
      57,
      15598,
      233,
      17,
      1,
      5
    ],
    [
      84,
      1,
      159,
      444,
      22,
      0,
      3
    ],
    [
      10,
      0,
      17,
      32,
      140,
      14,
      1
    ],
    [
      1,
      0,
      2,
      0,
      9,
      16,
      1
    ],
    [
      2,
      0,
      3,
      0,
      4,
      0,
      36
    ]
  ]
}