{
  "macro_f1": 0.753588792247721,
  "report": {
    "0": {
      "precision": 0.777602523659306,
      "recall": 0.8081967213114755,
      "f1-score": 0.792604501607717,
      "support": 610.0
    },
    "1": {
      "precision": 0.9005305039787799,
      "recall": 0.9797979797979798,
      "f1-score": 0.9384934346924672,
      "support": 693.0
    },
    "2": {
      "precision": 0.9866785079928952,
      "recall": 0.9740731462925851,
      "f1-score": 0.9803353082062272,
      "support": 15968.0
    },
    "3": {
      "precision": 0.565947242206235,
      "recall": 0.6619915848527349,
      "f1-score": 0.6102133160956691,
      "support": 713.0
    },
    "4": {
      "precision": 0.685,
      "recall": 0.6401869158878505,
      "f1-score": 0.6618357487922706,
      "support": 214.0
    },
    "5": {
      "precision": 0.48484848484848486,
      "recall": 0.5517241379310345,
      "f1-score": 0.5161290322580645,
      "support": 29.0
    },
    "6": {
      "precision": 0.7169811320754716,
      "recall": 0.8444444444444444,
      "f1-score": 0.7755102040816326,
      "support": 45.0
    },
    "accuracy": 0.9516746935201401,
    "macro avg": {
      "precision": 0.7310840563944534,
      "recall": 0.7800592757883006,
      "f1-score": 0.753588792247721,
      "support": 18272.0
    },
    "weighted avg": {
      "precision": 0.9550198519602162,
      "recall": 0.9516746935201401,
      "f1-score": 0.9530669627515618,
      "support": 18272.0
    }
  },
  "confusion_matrix": [
    [
      493,
      3,
      38,
      60,
      13,
      1,
      2
    ],
    [
      1,
      679,
      13,
      0,
      0,
      0,
      0
    ],
    [
      55,
      69,
      15554,
      265,
      16,
      1,
      8
    ],
    [
      74,
      2,
      139,
      472,
      23,
      0,
      3
    ],
    [
      8,
      0,
      16,
      37,
      137,
      15,
      1
    ],
    [
      1,
      0,
      2,
      0,
      9,
      16,
      1
    ],
    [
      2,
      1,
      2,
      0,
      2,
      0,
      38
    ]
  ]
}