{
  "macro_f1": 0.7136238435944112,
  "report": {
    "0": {
      "precision": 0.7571428571428571,
      "recall": 0.8688524590163934,
      "f1-score": 0.8091603053435115,
      "support": 610.0
    },
    "1": {
      "precision": 0.897742363877822,
      "recall": 0.9754689754689755,
      "f1-score": 0.9349930843706777,
      "support": 693.0
    },
    "2": {
      "precision": 0.9899736486920754,
      "recall": 0.9646167334669339,
      "f1-score": 0.9771307133568052,
      "support": 15968.0
    },
    "3": {
      "precision": 0.5,
      "recall": 0.6900420757363254,
      "f1-score": 0.5798467884502062,
      "support": 713.0
    },
    "4": {
      "precision": 0.6701570680628273,
      "recall": 0.5981308411214953,
      "f1-score": 0.6320987654320988,
      "support": 214.0
    },
    "5": {
      "precision": 0.4482758620689655,
      "recall": 0.4482758620689655,
      "f1-score": 0.4482758620689655,
      "support": 29.0
    },
    "6": {
      "precision": 0.5535714285714286,
      "recall": 0.6888888888888889,
      "f1-score": 0.6138613861386139,
      "support": 45.0
    },
    "accuracy": 0.9453261821366025,
    "macro avg": {
      "precision": 0.6881233183451394,
      "recall": 0.7477536908239968,
      "f1-score": 0.7136238435944112,
      "support": 18272.0
    },
    "weighted avg": {
      "precision": 0.9539030292354801,
      "recall": 0.9453261821366025,
      "f1-score": 0.9486473775697016,
      "support": 18272.0
    }
  },
  "confusion_matrix": [
    [
      530,
      2,
      23,
      44,
      9,
      1,
      1
    ],
    [
      1,
      676,
      15,
      0,
      0,
      0,
      1
    ],
    [
      68,
      73,
      15403,
      401,
      12,
      0,
      11
    ],
    [
      84,
      1,
      103,
      492,
      27,
      0,
      6
    ],
    [
      14,
      0,
      13,
      42,
      128,
      12,
      5
    ],
    [
      2,
      0,
      0,
      4,
      9,
      13,
      1
    ],
    [
      1,
      1,
      2,
      1,
      6,
      3,
      31
    ]
  ]
}