{
  "macro_f1": 0.7014298676242758,
  "report": {
    "0": {
      "precision": 0.7571428571428571,
      "recall": 0.8688524590163934,
      "f1-score": 0.8091603053435115,
      "support": 610.0
    },
    "1": {
      "precision": 0.8824289405684754,
      "recall": 0.9855699855699855,
      "f1-score": 0.9311520109066121,
      "support": 693.0
    },
    "2": {
      "precision": 0.9909741473792792,
      "recall": 0.9626127254509018,
      "f1-score": 0.9765875663140506,
      "support": 15968.0
    },
    "3": {
      "precision": 0.49899799599198397,
      "recall": 0.6984572230014026,
      "f1-score": 0.5821157218001168,
      "support": 713.0
    },
    "4": {
      "precision": 0.6108597285067874,
      "recall": 0.6308411214953271,
      "f1-score": 0.6206896551724138,
      "support": 214.0
    },
    "5": {
      "precision": 0.4090909090909091,
      "recall": 0.3103448275862069,
      "f1-score": 0.35294117647058826,
      "support": 29.0
    },
    "6": {
      "precision": 0.6304347826086957,
      "recall": 0.6444444444444445,
      "f1-score": 0.6373626373626373,
      "support": 45.0
    },
    "accuracy": 0.9443410683012259,
    "macro avg": {
      "precision": 0.6828470516127124,
      "recall": 0.7287318266520947,
      "f1-score": 0.7014298676242758,
      "support": 18272.0
    },
    "weighted avg": {
      "precision": 0.9535901017210592,
      "recall": 0.9443410683012259,
      "f1-score": 0.9478885232798778,
      "support": 18272.0
    }
  },
  "confusion_matrix": [
    [
      530,
      2,
      23,
      44,
      10,
      1,
      0
    ],
    [
      1,
      683,
      9,
      0,
      0,
      0,
      0
    ],
    [
      69,
      87,
      15371,
      412,
      20,
      0,
      9
    ],
    [
      82,
      1,
      95,
      498,
      33,
      0,
      4
    ],
    [
      15,
      0,
      11,
      39,
      135,
      11,
      3
    ],
    [
      2,
      0,
      0,
      4,
      13,
      9,
      1
    ],
    [
      1,
      1,
      2,
      1,
      10,
      1,
      29
    ]
  ]
}