{
  "macro_f1": 0.7703981542634336,
  "report": {
    "0": {
      "precision": 0.8441330998248686,
      "recall": 0.7901639344262295,
      "f1-score": 0.8162574089754445,
      "support": 610.0
    },
    "1": {
      "precision": 0.8973684210526316,
      "recall": 0.9841269841269841,
      "f1-score": 0.9387474191328287,
      "support": 693.0
    },
    "2": {
      "precision": 0.9862138746600898,
      "recall": 0.9766407815631263,
      "f1-score": 0.9814039835121614,
      "support": 15968.0
    },
    "3": {
      "precision": 0.5857487922705314,
      "recall": 0.6802244039270687,
      "f1-score": 0.6294613887086308,
      "support": 713.0
    },
    "4": {
      "precision": 0.679324894514768,
      "recall": 0.7523364485981309,
      "f1-score": 0.7139689578713969,
      "support": 214.0
    },
    "5": {
      "precision": 0.7058823529411765,
      "recall": 0.41379310344827586,
      "f1-score": 0.5217391304347826,
      "support": 29.0
    },
    "6": {
      "precision": 0.782608695652174,
      "recall": 0.8,
      "f1-score": 0.7912087912087912,
      "support": 45.0
    },
    "accuracy": 0.9551773204903677,
    "macro avg": {
      "precision": 0.78304001870232,
      "recall": 0.7710408080128308,
      "f1-score": 0.7703981542634336,
      "support": 18272.0
    },
    "weighted avg": {
      "precision": 0.9579336171798188,
      "recall": 0.9551773204903677,
      "f1-score": 0.9562093885276378,
      "support": 18272.0
    }
  },
  "confusion_matrix": [
    [
      482,
      3,
      51,
      59,
      15,
      0,
      0
    ],
    [
      1,
      682,
      10,
      0,
      0,
      0,
      0
    ],
    [
      19,
      73,
      15595,
      256,
      19,
      0,
      6
    ],
    [
      60,
      1,
      140,
      485,
      25,
      0,
      2
    ],
    [
      6,
      0,
      13,
      28,
      161,
      5,
      1
    ],
    [
      1,
      0,
      1,
      0,
      14,
      12,
      1
    ],
    [
      2,
      1,
      3,
      0,
      3,
      0,
      36
    ]
  ],
  "labels": [
    0,
    1,
    2,
    3,
    4,
    5,
    6
  ]
}