{
  "macro_f1": 0.769403960251702,
  "report": {
    "0": {
      "precision": 0.7646219686162625,
      "recall": 0.8786885245901639,
      "f1-score": 0.8176964149504196,
      "support": 610.0
    },
    "1": {
      "precision": 0.8801546391752577,
      "recall": 0.9855699855699855,
      "f1-score": 0.9298842750170184,
      "support": 693.0
    },
    "2": {
      "precision": 0.9908798972382787,
      "recall": 0.966182364729459,
      "f1-score": 0.978375293296975,
      "support": 15968.0
    },
    "3": {
      "precision": 0.5329087048832272,
      "recall": 0.7040673211781207,
      "f1-score": 0.6066465256797583,
      "support": 713.0
    },
    "4": {
      "precision": 0.7205882352941176,
      "recall": 0.6869158878504673,
      "f1-score": 0.7033492822966507,
      "support": 214.0
    },
    "5": {
      "precision": 0.5454545454545454,
      "recall": 0.6206896551724138,
      "f1-score": 0.5806451612903226,
      "support": 29.0
    },
    "6": {
      "precision": 0.7608695652173914,
      "recall": 0.7777777777777778,
      "f1-score": 0.7692307692307693,
      "support": 45.0
    },
    "accuracy": 0.9494855516637478,
    "macro avg": {
      "precision": 0.7422110794112973,
      "recall": 0.8028416452669125,
      "f1-score": 0.769403960251702,
      "support": 18272.0
    },
    "weighted avg": {
      "precision": 0.9568171993264478,
      "recall": 0.9494855516637478,
      "f1-score": 0.9522992071249234,
      "support": 18272.0
    }
  },
  "confusion_matrix": [
    [
      536,
      2,
      23,
      40,
      9,
      0,
      0
    ],
    [
      1,
      683,
      9,
      0,
      0,
      0,
      0
    ],
    [
      58,
      89,
      15428,
      371,
      16,
      1,
      5
    ],
    [
      89,
      2,
      97,
      502,
      20,
      0,
      3
    ],
    [
      13,
      0,
      10,
      28,
      147,
      14,
      2
    ],
    [
      2,
      0,
      0,
      0,
      8,
      18,
      1
    ],
    [
      2,
      0,
      3,
      1,
      4,
      0,
      35
    ]
  ],
  "labels": [
    0,
    1,
    2,
    3,
    4,
    5,
    6
  ]
}