{
  "macro_f1": 0.7185575706007541,
  "report": {
    "0": {
      "precision": 0.7518248175182481,
      "recall": 0.8442622950819673,
      "f1-score": 0.7953667953667953,
      "support": 610.0
    },
    "1": {
      "precision": 0.8854166666666666,
      "recall": 0.9812409812409812,
      "f1-score": 0.9308692676249144,
      "support": 693.0
    },
    "2": {
      "precision": 0.9941929523558136,
      "recall": 0.9435120240480962,
      "f1-score": 0.9681897050318103,
      "support": 15968.0
    },
    "3": {
      "precision": 0.4078460399703923,
      "recall": 0.7727910238429172,
      "f1-score": 0.5339147286821705,
      "support": 713.0
    },
    "4": {
      "precision": 0.6387665198237885,
      "recall": 0.677570093457944,
      "f1-score": 0.6575963718820862,
      "support": 214.0
    },
    "5": {
      "precision": 0.6086956521739131,
      "recall": 0.4827586206896552,
      "f1-score": 0.5384615384615384,
      "support": 29.0
    },
    "6": {
      "precision": 0.515625,
      "recall": 0.7333333333333333,
      "f1-score": 0.6055045871559633,
      "support": 45.0
    },
    "accuracy": 0.9306042031523643,
    "macro avg": {
      "precision": 0.686052521215546,
      "recall": 0.7764954816706992,
      "f1-score": 0.7185575706007541,
      "support": 18272.0
    },
    "weighted avg": {
      "precision": 0.9531428148291367,
      "recall": 0.9306042031523643,
      "f1-score": 0.938845735209956,
      "support": 18272.0
    }
  },
  "confusion_matrix": [
    [
      515,
      2,
      18,
      61,
      11,
      0,
      3
    ],
    [
      2,
      680,
      10,
      1,
      0,
      0,
      0
    ],
    [
      72,
      80,
      15066,
      702,
      27,
      0,
      21
    ],
    [
      79,
      6,
      48,
      551,
      25,
      0,
      4
    ],
    [
      14,
      0,
      9,
      35,
      145,
      9,
      2
    ],
    [
      1,
      0,
      0,
      1,
      12,
      14,
      1
    ],
    [
      2,
      0,
      3,
      0,
      7,
      0,
      33
    ]
  ]
}