{
  "macro_f1": 0.7246106730435109,
  "report": {
    "0": {
      "precision": 0.7478386167146974,
      "recall": 0.8508196721311475,
      "f1-score": 0.7960122699386503,
      "support": 610.0
    },
    "1": {
      "precision": 0.889763779527559,
      "recall": 0.9783549783549783,
      "f1-score": 0.931958762886598,
      "support": 693.0
    },
    "2": {
      "precision": 0.9925519404155233,
      "recall": 0.9514028056112225,
      "f1-score": 0.9715418558547035,
      "support": 15968.0
    },
    "3": {
      "precision": 0.4412251655629139,
      "recall": 0.7475455820476858,
      "f1-score": 0.5549193128578865,
      "support": 713.0
    },
    "4": {
      "precision": 0.6465116279069767,
      "recall": 0.6495327102803738,
      "f1-score": 0.6480186480186481,
      "support": 214.0
    },
    "5": {
      "precision": 0.5333333333333333,
      "recall": 0.5517241379310345,
      "f1-score": 0.5423728813559322,
      "support": 29.0
    },
    "6": {
      "precision": 0.5614035087719298,
      "recall": 0.7111111111111111,
      "f1-score": 0.6274509803921569,
      "support": 45.0
    },
    "accuracy": 0.936350700525394,
    "macro avg": {
      "precision": 0.6875182817475619,
      "recall": 0.7772129996382221,
      "f1-score": 0.7246106730435109,
      "support": 18272.0
    },
    "weighted avg": {
      "precision": 0.9531268660214259,
      "recall": 0.936350700525394,
      "f1-score": 0.9426057809791772,
      "support": 18272.0
    }
  },
  "confusion_matrix": [
    [
      519,
      2,
      21,
      55,
      11,
      0,
      2
    ],
    [
      1,
      678,
      13,
      1,
      0,
      0,
      0
    ],
    [
      73,
      76,
      15192,
      585,
      24,
      1,
      17
    ],
    [
      81,
      6,
      66,
      533,
      24,
      0,
      3
    ],
    [
      17,
      0,
      11,
      33,
      139,
      12,
      2
    ],
    [
      1,
      0,
      0,
      1,
      10,
      16,
      1
    ],
    [
      2,
      0,
      3,
      0,
      7,
      1,
      32
    ]
  ]
}