{
  "macro_f1": 0.7287363537082792,
  "report": {
    "0": {
      "precision": 0.7101063829787234,
      "recall": 0.8754098360655738,
      "f1-score": 0.7841409691629956,
      "support": 610.0
    },
    "1": {
      "precision": 0.8558897243107769,
      "recall": 0.9855699855699855,
      "f1-score": 0.9161636485580148,
      "support": 693.0
    },
    "2": {
      "precision": 0.9916309848189957,
      "recall": 0.9572269539078156,
      "f1-score": 0.974125294754955,
      "support": 15968.0
    },
    "3": {
      "precision": 0.4807881773399015,
      "recall": 0.6844319775596073,
      "f1-score": 0.5648148148148148,
      "support": 713.0
    },
    "4": {
      "precision": 0.6683168316831684,
      "recall": 0.6308411214953271,
      "f1-score": 0.6490384615384616,
      "support": 214.0
    },
    "5": {
      "precision": 0.45714285714285713,
      "recall": 0.5517241379310345,
      "f1-score": 0.5,
      "support": 29.0
    },
    "6": {
      "precision": 0.6428571428571429,
      "recall": 0.8,
      "f1-score": 0.7128712871287128,
      "support": 45.0
    },
    "accuracy": 0.9400722416812609,
    "macro avg": {
      "precision": 0.6866760144473666,
      "recall": 0.7836005732184776,
      "f1-score": 0.7287363537082792,
      "support": 18272.0
    },
    "weighted avg": {
      "precision": 0.9516564976391952,
      "recall": 0.9400722416812609,
      "f1-score": 0.9444092878688835,
      "support": 18272.0
    }
  },
  "confusion_matrix": [
    [
      534,
      3,
      28,
      37,
      7,
      1,
      0
    ],
    [
      2,
      683,
      8,
      0,
      0,
      0,
      0
    ],
    [
      85,
      107,
      15285,
      460,
      21,
      0,
      10
    ],
    [
      106,
      5,
      84,
      488,
      26,
      0,
      4
    ],
    [
      20,
      0,
      7,
      29,
      135,
      18,
      5
    ],
    [
      3,
      0,
      0,
      0,
      9,
      16,
      1
    ],
    [
      2,
      0,
      2,
      1,
      4,
      0,
      36
    ]
  ]
}