{
  "macro_f1": 0.7416893978478131,
  "report": {
    "0": {
      "precision": 0.7165991902834008,
      "recall": 0.8704918032786885,
      "f1-score": 0.7860843819393042,
      "support": 610.0
    },
    "1": {
      "precision": 0.8656527249683144,
      "recall": 0.9855699855699855,
      "f1-score": 0.921727395411606,
      "support": 693.0
    },
    "2": {
      "precision": 0.9883810501989986,
      "recall": 0.9642409819639278,
      "f1-score": 0.9761617954732771,
      "support": 15968.0
    },
    "3": {
      "precision": 0.5216400911161732,
      "recall": 0.6423562412342216,
      "f1-score": 0.5757385292269013,
      "support": 713.0
    },
    "4": {
      "precision": 0.6834170854271356,
      "recall": 0.6355140186915887,
      "f1-score": 0.6585956416464891,
      "support": 214.0
    },
    "5": {
      "precision": 0.4857142857142857,
      "recall": 0.5862068965517241,
      "f1-score": 0.53125,
      "support": 29.0
    },
    "6": {
      "precision": 0.6923076923076923,
      "recall": 0.8,
      "f1-score": 0.7422680412371134,
      "support": 45.0
    },
    "accuracy": 0.9445052539404554,
    "macro avg": {
      "precision": 0.7076731600022858,
      "recall": 0.7834828467557337,
      "f1-score": 0.7416893978478131,
      "support": 18272.0
    },
    "weighted avg": {
      "precision": 0.9513414872887656,
      "recall": 0.9445052539404554,
      "f1-score": 0.9471250798285523,
      "support": 18272.0
    }
  },
  "confusion_matrix": [
    [
      531,
      3,
      41,
      28,
      7,
      0,
      0
    ],
    [
      2,
      683,
      8,
      0,
      0,
      0,
      0
    ],
    [
      78,
      100,
      15397,
      365,
      20,
      0,
      8
    ],
    [
      105,
      3,
      118,
      458,
      25,
      0,
      4
    ],
    [
      20,
      0,
      10,
      27,
      136,
      18,
      3
    ],
    [
      3,
      0,
      0,
      0,
      8,
      17,
      1
    ],
    [
      2,
      0,
      4,
      0,
      3,
      0,
      36
    ]
  ]
}