{
  "macro_f1": 0.7037620253181103,
  "report": {
    "0": {
      "precision": 0.7148876404494382,
      "recall": 0.8344262295081967,
      "f1-score": 0.7700453857791225,
      "support": 610.0
    },
    "1": {
      "precision": 0.8649681528662421,
      "recall": 0.9797979797979798,
      "f1-score": 0.918809201623816,
      "support": 693.0
    },
    "2": {
      "precision": 0.9903185713351214,
      "recall": 0.9480836673346693,
      "f1-score": 0.9687410014397696,
      "support": 15968.0
    },
    "3": {
      "precision": 0.4314410480349345,
      "recall": 0.6928471248246845,
      "f1-score": 0.5317545748116254,
      "support": 713.0
    },
    "4": {
      "precision": 0.5551330798479087,
      "recall": 0.6822429906542056,
      "f1-score": 0.6121593291404612,
      "support": 214.0
    },
    "5": {
      "precision": 0.48484848484848486,
      "recall": 0.5517241379310345,
      "f1-score": 0.5161290322580645,
      "support": 29.0
    },
    "6": {
      "precision": 0.5957446808510638,
      "recall": 0.6222222222222222,
      "f1-score": 0.6086956521739131,
      "support": 45.0
    },
    "accuracy": 0.930987302977233,
    "macro avg": {
      "precision": 0.662477379747599,
      "recall": 0.7587634788961418,
      "f1-score": 0.7037620253181103,
      "support": 18272.0
    },
    "weighted avg": {
      "precision": 0.9476902583584143,
      "recall": 0.930987302977233,
      "f1-score": 0.937380742535074,
      "support": 18272.0
    }
  },
  "confusion_matrix": [
    [
      509,
      1,
      25,
      54,
      19,
      2,
      0
    ],
    [
      0,
      679,
      13,
      1,
      0,
      0,
      0
    ],
    [
      99,
      103,
      15139,
      566,
      46,
      1,
      14
    ],
    [
      89,
      2,
      94,
      494,
      32,
      0,
      2
    ],
    [
      12,
      0,
      11,
      28,
      146,
      14,
      3
    ],
    [
      1,
      0,
      0,
      1,
      11,
      16,
      0
    ],
    [
      2,
      0,
      5,
      1,
      9,
      0,
      28
    ]
  ]
}