{
  "macro_f1": 0.6959774587759023,
  "report": {
    "0": {
      "precision": 0.6482843137254902,
      "recall": 0.8672131147540983,
      "f1-score": 0.7419354838709677,
      "support": 610.0
    },
    "1": {
      "precision": 0.8533834586466166,
      "recall": 0.9826839826839827,
      "f1-score": 0.9134808853118712,
      "support": 693.0
    },
    "2": {
      "precision": 0.9936902231668437,
      "recall": 0.936936372745491,
      "f1-score": 0.9644791129448169,
      "support": 15968.0
    },
    "3": {
      "precision": 0.4069400630914827,
      "recall": 0.7237026647966339,
      "f1-score": 0.5209490156486623,
      "support": 713.0
    },
    "4": {
      "precision": 0.5774058577405857,
      "recall": 0.6448598130841121,
      "f1-score": 0.609271523178808,
      "support": 214.0
    },
    "5": {
      "precision": 0.4857142857142857,
      "recall": 0.5862068965517241,
      "f1-score": 0.53125,
      "support": 29.0
    },
    "6": {
      "precision": 0.5166666666666667,
      "recall": 0.6888888888888889,
      "f1-score": 0.5904761904761905,
      "support": 45.0
    },
    "accuracy": 0.9234347635726795,
    "macro avg": {
      "precision": 0.6402978383931389,
      "recall": 0.7757845333578474,
      "f1-score": 0.6959774587759023,
      "support": 18272.0
    },
    "weighted avg": {
      "precision": 0.9470852935950768,
      "recall": 0.9234347635726795,
      "f1-score": 0.932039393983934,
      "support": 18272.0
    }
  },
  "confusion_matrix": [
    [
      529,
      2,
      18,
      44,
      15,
      2,
      0
    ],
    [
      1,
      681,
      9,
      1,
      0,
      0,
      1
    ],
    [
      158,
      113,
      14961,
      672,
      42,
      1,
      21
    ],
    [
      109,
      2,
      56,
      516,
      28,
      0,
      2
    ],
    [
      16,
      0,
      9,
      33,
      138,
      14,
      4
    ],
    [
      1,
      0,
      0,
      1,
      9,
      17,
      1
    ],
    [
      2,
      0,
      3,
      1,
      7,
      1,
      31
    ]
  ]
}