{
  "macro_f1": 0.739758977598511,
  "report": {
    "0": {
      "precision": 0.7676923076923077,
      "recall": 0.8180327868852459,
      "f1-score": 0.792063492063492,
      "support": 610.0
    },
    "1": {
      "precision": 0.8743589743589744,
      "recall": 0.9841269841269841,
      "f1-score": 0.9260013577732519,
      "support": 693.0
    },
    "2": {
      "precision": 0.983996951800343,
      "recall": 0.970378256513026,
      "f1-score": 0.9771401545010248,
      "support": 15968.0
    },
    "3": {
      "precision": 0.5545335085413929,
      "recall": 0.5918653576437588,
      "f1-score": 0.5725915875169606,
      "support": 713.0
    },
    "4": {
      "precision": 0.6213991769547325,
      "recall": 0.705607476635514,
      "f1-score": 0.6608315098468271,
      "support": 214.0
    },
    "5": {
      "precision": 0.53125,
      "recall": 0.5862068965517241,
      "f1-score": 0.5573770491803278,
      "support": 29.0
    },
    "6": {
      "precision": 0.6101694915254238,
      "recall": 0.8,
      "f1-score": 0.6923076923076923,
      "support": 45.0
    },
    "accuracy": 0.9469133099824869,
    "macro avg": {
      "precision": 0.7062000586961678,
      "recall": 0.779459679765179,
      "f1-score": 0.739758977598511,
      "support": 18272.0
    },
    "weighted avg": {
      "precision": 0.9499732977149696,
      "recall": 0.9469133099824869,
      "f1-score": 0.9481635936818547,
      "support": 18272.0
    }
  },
  "confusion_matrix": [
    [
      499,
      3,
      52,
      40,
      15,
      1,
      0
    ],
    [
      1,
      682,
      10,
      0,
      0,
      0,
      0
    ],
    [
      56,
      93,
      15495,
      281,
      29,
      2,
      12
    ],
    [
      80,
      2,
      169,
      422,
      35,
      0,
      5
    ],
    [
      11,
      0,
      17,
      18,
      151,
      12,
      5
    ],
    [
      2,
      0,
      2,
      0,
      7,
      17,
      1
    ],
    [
      1,
      0,
      2,
      0,
      6,
      0,
      36
    ]
  ]
}