{
  "macro_f1": 0.73019552119266,
  "report": {
    "0": {
      "precision": 0.7402597402597403,
      "recall": 0.840983606557377,
      "f1-score": 0.7874136607828089,
      "support": 610.0
    },
    "1": {
      "precision": 0.8658227848101265,
      "recall": 0.987012987012987,
      "f1-score": 0.9224544841537424,
      "support": 693.0
    },
    "2": {
      "precision": 0.9923106998566402,
      "recall": 0.9536573146292585,
      "f1-score": 0.9726001149645526,
      "support": 15968.0
    },
    "3": {
      "precision": 0.45714285714285713,
      "recall": 0.7180925666199158,
      "f1-score": 0.5586470267321331,
      "support": 713.0
    },
    "4": {
      "precision": 0.6150442477876106,
      "recall": 0.6495327102803738,
      "f1-score": 0.6318181818181818,
      "support": 214.0
    },
    "5": {
      "precision": 0.48717948717948717,
      "recall": 0.6551724137931034,
      "f1-score": 0.5588235294117647,
      "support": 29.0
    },
    "6": {
      "precision": 0.603448275862069,
      "recall": 0.7777777777777778,
      "f1-score": 0.6796116504854369,
      "support": 45.0
    },
    "accuracy": 0.9375,
    "macro avg": {
      "precision": 0.6801725846997903,
      "recall": 0.797461339524399,
      "f1-score": 0.73019552119266,
      "support": 18272.0
    },
    "weighted avg": {
      "precision": 0.9520379044688099,
      "recall": 0.9375,
      "f1-score": 0.9429933643795929,
      "support": 18272.0
    }
  },
  "confusion_matrix": [
    [
      513,
      3,
      24,
      55,
      14,
      1,
      0
    ],
    [
      1,
      684,
      8,
      0,
      0,
      0,
      0
    ],
    [
      76,
      101,
      15228,
      522,
      27,
      2,
      12
    ],
    [
      85,
      2,
      75,
      512,
      34,
      0,
      5
    ],
    [
      15,
      0,
      10,
      29,
      139,
      16,
      5
    ],
    [
      2,
      0,
      0,
      0,
      7,
      19,
      1
    ],
    [
      1,
      0,
      1,
      2,
      5,
      1,
      35
    ]
  ]
}