{
  "macro_f1": 0.7748882710197783,
  "report": {
    "0": {
      "precision": 0.7861356932153393,
      "recall": 0.8737704918032787,
      "f1-score": 0.827639751552795,
      "support": 610.0
    },
    "1": {
      "precision": 0.8961892247043364,
      "recall": 0.9841269841269841,
      "f1-score": 0.938101788170564,
      "support": 693.0
    },
    "2": {
      "precision": 0.9885648942252716,
      "recall": 0.9745115230460922,
      "f1-score": 0.9814879056419313,
      "support": 15968.0
    },
    "3": {
      "precision": 0.5934065934065934,
      "recall": 0.6816269284712483,
      "f1-score": 0.6344647519582245,
      "support": 713.0
    },
    "4": {
      "precision": 0.7412935323383084,
      "recall": 0.6962616822429907,
      "f1-score": 0.7180722891566265,
      "support": 214.0
    },
    "5": {
      "precision": 0.5517241379310345,
      "recall": 0.5517241379310345,
      "f1-score": 0.5517241379310345,
      "support": 29.0
    },
    "6": {
      "precision": 0.7906976744186046,
      "recall": 0.7555555555555555,
      "f1-score": 0.7727272727272727,
      "support": 45.0
    },
    "accuracy": 0.9556151488616462,
    "macro avg": {
      "precision": 0.7640016786056413,
      "recall": 0.788225329025312,
      "f1-score": 0.7748882710197783,
      "support": 18272.0
    },
    "weighted avg": {
      "precision": 0.9588070954979605,
      "recall": 0.9556151488616462,
      "f1-score": 0.9568836049823898,
      "support": 18272.0
    }
  },
  "confusion_matrix": [
    [
      533,
      2,
      34,
      33,
      8,
      0,
      0
    ],
    [
      1,
      682,
      10,
      0,
      0,
      0,
      0
    ],
    [
      41,
      76,
      15561,
      275,
      11,
      0,
      4
    ],
    [
      88,
      0,
      118,
      486,
      19,
      0,
      2
    ],
    [
      11,
      0,
      15,
      25,
      149,
      12,
      2
    ],
    [
      2,
      0,
      0,
      0,
      10,
      16,
      1
    ],
    [
      2,
      1,
      3,
      0,
      4,
      1,
      34
    ]
  ],
  "labels": [
    0,
    1,
    2,
    3,
    4,
    5,
    6
  ]
}