{
  "macro_f1": 0.7784310434685704,
  "report": {
    "0": {
      "precision": 0.787833827893175,
      "recall": 0.8704918032786885,
      "f1-score": 0.8271028037383178,
      "support": 610.0
    },
    "1": {
      "precision": 0.9382022471910112,
      "recall": 0.963924963924964,
      "f1-score": 0.9508896797153025,
      "support": 693.0
    },
    "2": {
      "precision": 0.9848923580511142,
      "recall": 0.9798346693386774,
      "f1-score": 0.9823570038299743,
      "support": 15968.0
    },
    "3": {
      "precision": 0.6243016759776536,
      "recall": 0.6269284712482468,
      "f1-score": 0.6256123163051085,
      "support": 713.0
    },
    "4": {
      "precision": 0.746268656716418,
      "recall": 0.7009345794392523,
      "f1-score": 0.7228915662650602,
      "support": 214.0
    },
    "5": {
      "precision": 0.5625,
      "recall": 0.6206896551724138,
      "f1-score": 0.5901639344262295,
      "support": 29.0
    },
    "6": {
      "precision": 0.7058823529411765,
      "recall": 0.8,
      "f1-score": 0.75,
      "support": 45.0
    },
    "accuracy": 0.9575306479859895,
    "macro avg": {
      "precision": 0.7642687312529354,
      "recall": 0.7946863060574633,
      "f1-score": 0.7784310434685704,
      "support": 18272.0
    },
    "weighted avg": {
      "precision": 0.9583198204394775,
      "recall": 0.9575306479859895,
      "f1-score": 0.9578262383036741,
      "support": 18272.0
    }
  },
  "confusion_matrix": [
    [
      531,
      0,
      42,
      29,
      8,
      0,
      0
    ],
    [
      1,
      668,
      24,
      0,
      0,
      0,
      0
    ],
    [
      39,
      44,
      15646,
      220,
      11,
      0,
      8
    ],
    [
      89,
      0,
      154,
      447,
      20,
      0,
      3
    ],
    [
      10,
      0,
      17,
      20,
      150,
      14,
      3
    ],
    [
      2,
      0,
      0,
      0,
      8,
      18,
      1
    ],
    [
      2,
      0,
      3,
      0,
      4,
      0,
      36
    ]
  ],
  "labels": [
    0,
    1,
    2,
    3,
    4,
    5,
    6
  ]
}