{
  "macro_f1": 0.7840260744762689,
  "report": {
    "0": {
      "precision": 0.8131868131868132,
      "recall": 0.8491803278688524,
      "f1-score": 0.830793905372895,
      "support": 610.0
    },
    "1": {
      "precision": 0.9634502923976608,
      "recall": 0.950937950937951,
      "f1-score": 0.9571532316630356,
      "support": 693.0
    },
    "2": {
      "precision": 0.9843063402385436,
      "recall": 0.9819639278557114,
      "f1-score": 0.9831337387924007,
      "support": 15968.0
    },
    "3": {
      "precision": 0.6260053619302949,
      "recall": 0.6549789621318373,
      "f1-score": 0.6401644962302947,
      "support": 713.0
    },
    "4": {
      "precision": 0.7487684729064039,
      "recall": 0.7102803738317757,
      "f1-score": 0.7290167865707434,
      "support": 214.0
    },
    "5": {
      "precision": 0.5714285714285714,
      "recall": 0.5517241379310345,
      "f1-score": 0.5614035087719298,
      "support": 29.0
    },
    "6": {
      "precision": 0.7954545454545454,
      "recall": 0.7777777777777778,
      "f1-score": 0.7865168539325843,
      "support": 45.0
    },
    "accuracy": 0.9592272329246935,
    "macro avg": {
      "precision": 0.7860857710775476,
      "recall": 0.7824062083335628,
      "f1-score": 0.7840260744762689,
      "support": 18272.0
    },
    "weighted avg": {
      "precision": 0.9599421962007308,
      "recall": 0.9592272329246935,
      "f1-score": 0.9595496853752571,
      "support": 18272.0
    }
  },
  "confusion_matrix": [
    [
      518,
      0,
      43,
      40,
      9,
      0,
      0
    ],
    [
      1,
      659,
      33,
      0,
      0,
      0,
      0
    ],
    [
      28,
      25,
      15680,
      220,
      11,
      0,
      4
    ],
    [
      76,
      0,
      151,
      467,
      17,
      0,
      2
    ],
    [
      10,
      0,
      19,
      19,
      152,
      12,
      2
    ],
    [
      2,
      0,
      1,
      0,
      9,
      16,
      1
    ],
    [
      2,
      0,
      3,
      0,
      5,
      0,
      35
    ]
  ],
  "labels": [
    0,
    1,
    2,
    3,
    4,
    5,
    6
  ]
}