{
  "macro_f1": 0.7782432267393439,
  "report": {
    "0": {
      "precision": 0.8108108108108109,
      "recall": 0.8360655737704918,
      "f1-score": 0.8232445520581114,
      "support": 610.0
    },
    "1": {
      "precision": 0.9190672153635117,
      "recall": 0.9668109668109668,
      "f1-score": 0.9423347398030942,
      "support": 693.0
    },
    "2": {
      "precision": 0.9859804231133565,
      "recall": 0.9777680360721442,
      "f1-score": 0.9818570575102977,
      "support": 15968.0
    },
    "3": {
      "precision": 0.600997506234414,
      "recall": 0.6760168302945302,
      "f1-score": 0.6363036303630363,
      "support": 713.0
    },
    "4": {
      "precision": 0.745,
      "recall": 0.6962616822429907,
      "f1-score": 0.7198067632850241,
      "support": 214.0
    },
    "5": {
      "precision": 0.5294117647058824,
      "recall": 0.6206896551724138,
      "f1-score": 0.5714285714285714,
      "support": 29.0
    },
    "6": {
      "precision": 0.7906976744186046,
      "recall": 0.7555555555555555,
      "f1-score": 0.7727272727272727,
      "support": 45.0
    },
    "accuracy": 0.9564360770577933,
    "macro avg": {
      "precision": 0.7688521992352256,
      "recall": 0.7898811857027275,
      "f1-score": 0.7782432267393439,
      "support": 18272.0
    },
    "weighted avg": {
      "precision": 0.9585441730290079,
      "recall": 0.9564360770577933,
      "f1-score": 0.9573433634741365,
      "support": 18272.0
    }
  },
  "confusion_matrix": [
    [
      510,
      1,
      41,
      49,
      9,
      0,
      0
    ],
    [
      1,
      670,
      22,
      0,
      0,
      0,
      0
    ],
    [
      33,
      58,
      15613,
      250,
      11,
      0,
      3
    ],
    [
      73,
      0,
      137,
      482,
      18,
      0,
      3
    ],
    [
      9,
      0,
      17,
      21,
      149,
      16,
      2
    ],
    [
      1,
      0,
      1,
      0,
      8,
      18,
      1
    ],
    [
      2,
      0,
      4,
      0,
      5,
      0,
      34
    ]
  ],
  "labels": [
    0,
    1,
    2,
    3,
    4,
    5,
    6
  ]
}