{
  "macro_f1": 0.5717786742554544,
  "report": {
    "4": {
      "precision": 0.8516483516483516,
      "recall": 0.7242990654205608,
      "f1-score": 0.7828282828282829,
      "support": 214.0
    },
    "5": {
      "precision": 0.19642857142857142,
      "recall": 0.3793103448275862,
      "f1-score": 0.25882352941176473,
      "support": 29.0
    },
    "6": {
      "precision": 0.64,
      "recall": 0.7111111111111111,
      "f1-score": 0.6736842105263158,
      "support": 45.0
    },
    "accuracy": 0.6875,
    "macro avg": {
      "precision": 0.5626923076923077,
      "recall": 0.6049068404530861,
      "f1-score": 0.5717786742554544,
      "support": 288.0
    },
    "weighted avg": {
      "precision": 0.752601304945055,
      "recall": 0.6875,
      "f1-score": 0.7130101539995761,
      "support": 288.0
    }
  },
  "confusion_matrix": [
    [
      155,
      42,
      17
    ],
    [
      17,
      11,
      1
    ],
    [
      10,
      3,
      32
    ]
  ],
  "labels": [
    4,
    5,
    6
  ]
}