{
  "macro_f1": 0.7393963368382225,
  "report": {
    "0": {
      "precision": 0.7363253856942497,
      "recall": 0.860655737704918,
      "f1-score": 0.7936507936507936,
      "support": 610.0
    },
    "1": {
      "precision": 0.8746803069053708,
      "recall": 0.987012987012987,
      "f1-score": 0.9274576271186441,
      "support": 693.0
    },
    "2": {
      "precision": 0.9906830302640879,
      "recall": 0.9655561122244489,
      "f1-score": 0.9779581998667978,
      "support": 15968.0
    },
    "3": {
      "precision": 0.5383771929824561,
      "recall": 0.6886395511921458,
      "f1-score": 0.6043076923076923,
      "support": 713.0
    },
    "4": {
      "precision": 0.6747572815533981,
      "recall": 0.6495327102803738,
      "f1-score": 0.6619047619047619,
      "support": 214.0
    },
    "5": {
      "precision": 0.4857142857142857,
      "recall": 0.5862068965517241,
      "f1-score": 0.53125,
      "support": 29.0
    },
    "6": {
      "precision": 0.5901639344262295,
      "recall": 0.8,
      "f1-score": 0.6792452830188679,
      "support": 45.0
    },
    "accuracy": 0.9473511383537653,
    "macro avg": {
      "precision": 0.6986716310771539,
      "recall": 0.7910862849952283,
      "f1-score": 0.7393963368382225,
      "support": 18272.0
    },
    "weighted avg": {
      "precision": 0.9546542608033977,
      "recall": 0.9473511383537653,
      "f1-score": 0.950163252331003,
      "support": 18272.0
    }
  },
  "confusion_matrix": [
    [
      525,
      4,
      23,
      48,
      9,
      1,
      0
    ],
    [
      2,
      684,
      7,
      0,
      0,
      0,
      0
    ],
    [
      81,
      91,
      15418,
      341,
      18,
      2,
      17
    ],
    [
      88,
      2,
      102,
      491,
      27,
      0,
      3
    ],
    [
      14,
      0,
      12,
      31,
      139,
      14,
      4
    ],
    [
      2,
      0,
      0,
      0,
      9,
      17,
      1
    ],
    [
      1,
      1,
      1,
      1,
      4,
      1,
      36
    ]
  ],
  "labels": [
    0,
    1,
    2,
    3,
    4,
    5,
    6
  ]
}