{
  "macro_f1": 0.7467450505978338,
  "report": {
    "0": {
      "precision": 0.7507204610951008,
      "recall": 0.8540983606557377,
      "f1-score": 0.799079754601227,
      "support": 610.0
    },
    "1": {
      "precision": 0.8801546391752577,
      "recall": 0.9855699855699855,
      "f1-score": 0.9298842750170184,
      "support": 693.0
    },
    "2": {
      "precision": 0.9876566774829802,
      "recall": 0.9721317635270541,
      "f1-score": 0.9798327284203882,
      "support": 15968.0
    },
    "3": {
      "precision": 0.5790784557907845,
      "recall": 0.6521739130434783,
      "f1-score": 0.6134564643799473,
      "support": 713.0
    },
    "4": {
      "precision": 0.694300518134715,
      "recall": 0.6261682242990654,
      "f1-score": 0.6584766584766585,
      "support": 214.0
    },
    "5": {
      "precision": 0.4864864864864865,
      "recall": 0.6206896551724138,
      "f1-score": 0.5454545454545454,
      "support": 29.0
    },
    "6": {
      "precision": 0.6538461538461539,
      "recall": 0.7555555555555555,
      "f1-score": 0.7010309278350515,
      "support": 45.0
    },
    "accuracy": 0.9510726795096323,
    "macro avg": {
      "precision": 0.7188919131444971,
      "recall": 0.7809124939747558,
      "f1-score": 0.7467450505978338,
      "support": 18272.0
    },
    "weighted avg": {
      "precision": 0.954672882396866,
      "recall": 0.9510726795096323,
      "f1-score": 0.9524677374068501,
      "support": 18272.0
    }
  },
  "confusion_matrix": [
    [
      521,
      4,
      31,
      44,
      9,
      1,
      0
    ],
    [
      2,
      683,
      8,
      0,
      0,
      0,
      0
    ],
    [
      69,
      87,
      15523,
      261,
      15,
      2,
      11
    ],
    [
      86,
      1,
      136,
      465,
      23,
      0,
      2
    ],
    [
      14,
      0,
      15,
      32,
      134,
      15,
      4
    ],
    [
      1,
      0,
      1,
      0,
      8,
      18,
      1
    ],
    [
      1,
      1,
      3,
      1,
      4,
      1,
      34
    ]
  ],
  "labels": [
    0,
    1,
    2,
    3,
    4,
    5,
    6
  ]
}