{
  "macro_f1": 0.7801511290379007,
  "report": {
    "0": {
      "precision": 0.8198051948051948,
      "recall": 0.8278688524590164,
      "f1-score": 0.8238172920065253,
      "support": 610.0
    },
    "1": {
      "precision": 0.9304589707927677,
      "recall": 0.9653679653679653,
      "f1-score": 0.9475920679886686,
      "support": 693.0
    },
    "2": {
      "precision": 0.9853600050482741,
      "recall": 0.9778932865731463,
      "f1-score": 0.9816124469589816,
      "support": 15968.0
    },
    "3": {
      "precision": 0.5858343337334934,
      "recall": 0.6844319775596073,
      "f1-score": 0.6313065976714101,
      "support": 713.0
    },
    "4": {
      "precision": 0.7795698924731183,
      "recall": 0.677570093457944,
      "f1-score": 0.725,
      "support": 214.0
    },
    "5": {
      "precision": 0.5454545454545454,
      "recall": 0.6206896551724138,
      "f1-score": 0.5806451612903226,
      "support": 29.0
    },
    "6": {
      "precision": 0.8421052631578947,
      "recall": 0.7111111111111111,
      "f1-score": 0.7710843373493976,
      "support": 45.0
    },
    "accuracy": 0.9562171628721541,
    "macro avg": {
      "precision": 0.784084029352184,
      "recall": 0.7807047059573149,
      "f1-score": 0.7801511290379007,
      "support": 18272.0
    },
    "weighted avg": {
      "precision": 0.9586995704795815,
      "recall": 0.9562171628721541,
      "f1-score": 0.9572245245883871,
      "support": 18272.0
    }
  },
  "confusion_matrix": [
    [
      505,
      1,
      52,
      45,
      7,
      0,
      0
    ],
    [
      1,
      669,
      23,
      0,
      0,
      0,
      0
    ],
    [
      24,
      49,
      15615,
      271,
      7,
      0,
      2
    ],
    [
      74,
      0,
      134,
      488,
      15,
      0,
      2
    ],
    [
      9,
      0,
      17,
      28,
      145,
      14,
      1
    ],
    [
      1,
      0,
      1,
      0,
      8,
      18,
      1
    ],
    [
      2,
      0,
      5,
      1,
      4,
      1,
      32
    ]
  ],
  "labels": [
    0,
    1,
    2,
    3,
    4,
    5,
    6
  ]
}