{
  "macro_f1": 0.7710269868573143,
  "report": {
    "0": {
      "precision": 0.781021897810219,
      "recall": 0.8770491803278688,
      "f1-score": 0.8262548262548263,
      "support": 610.0
    },
    "1": {
      "precision": 0.887012987012987,
      "recall": 0.9855699855699855,
      "f1-score": 0.9336978810663021,
      "support": 693.0
    },
    "2": {
      "precision": 0.9892925430210325,
      "recall": 0.9720691382765531,
      "f1-score": 0.9806052182702635,
      "support": 15968.0
    },
    "3": {
      "precision": 0.5783274440518257,
      "recall": 0.6886395511921458,
      "f1-score": 0.6286811779769527,
      "support": 713.0
    },
    "4": {
      "precision": 0.7376237623762376,
      "recall": 0.6962616822429907,
      "f1-score": 0.7163461538461539,
      "support": 214.0
    },
    "5": {
      "precision": 0.5333333333333333,
      "recall": 0.5517241379310345,
      "f1-score": 0.5423728813559322,
      "support": 29.0
    },
    "6": {
      "precision": 0.7608695652173914,
      "recall": 0.7777777777777778,
      "f1-score": 0.7692307692307693,
      "support": 45.0
    },
    "accuracy": 0.953973292469352,
    "macro avg": {
      "precision": 0.752497361831861,
      "recall": 0.7927273504740509,
      "f1-score": 0.7710269868573143,
      "support": 18272.0
    },
    "weighted avg": {
      "precision": 0.958190205477397,
      "recall": 0.953973292469352,
      "f1-score": 0.9556296057316828,
      "support": 18272.0
    }
  },
  "confusion_matrix": [
    [
      535,
      2,
      32,
      34,
      7,
      0,
      0
    ],
    [
      1,
      683,
      9,
      0,
      0,
      0,
      0
    ],
    [
      46,
      83,
      15522,
      299,
      12,
      1,
      5
    ],
    [
      87,
      1,
      110,
      491,
      21,
      0,
      3
    ],
    [
      12,
      0,
      14,
      24,
      149,
      13,
      2
    ],
    [
      2,
      0,
      0,
      0,
      10,
      16,
      1
    ],
    [
      2,
      1,
      3,
      1,
      3,
      0,
      35
    ]
  ],
  "labels": [
    0,
    1,
    2,
    3,
    4,
    5,
    6
  ]
}