{
  "macro_f1": 0.7766693024650932,
  "report": {
    "0": {
      "precision": 0.796969696969697,
      "recall": 0.8622950819672132,
      "f1-score": 0.8283464566929134,
      "support": 610.0
    },
    "1": {
      "precision": 0.900398406374502,
      "recall": 0.9783549783549783,
      "f1-score": 0.9377593360995851,
      "support": 693.0
    },
    "2": {
      "precision": 0.9859119337924064,
      "recall": 0.9773296593186372,
      "f1-score": 0.9816020379281064,
      "support": 15968.0
    },
    "3": {
      "precision": 0.6138743455497382,
      "recall": 0.6577840112201964,
      "f1-score": 0.6350710900473934,
      "support": 713.0
    },
    "4": {
      "precision": 0.7563451776649747,
      "recall": 0.6962616822429907,
      "f1-score": 0.7250608272506083,
      "support": 214.0
    },
    "5": {
      "precision": 0.5714285714285714,
      "recall": 0.5517241379310345,
      "f1-score": 0.5614035087719298,
      "support": 29.0
    },
    "6": {
      "precision": 0.8048780487804879,
      "recall": 0.7333333333333333,
      "f1-score": 0.7674418604651163,
      "support": 45.0
    },
    "accuracy": 0.9564908056042032,
    "macro avg": {
      "precision": 0.7756865972229109,
      "recall": 0.7795832691954834,
      "f1-score": 0.7766693024650932,
      "support": 18272.0
    },
    "weighted avg": {
      "precision": 0.9580511485732273,
      "recall": 0.9564908056042032,
      "f1-score": 0.9571018054863416,
      "support": 18272.0
    }
  },
  "confusion_matrix": [
    [
      526,
      1,
      44,
      31,
      8,
      0,
      0
    ],
    [
      1,
      678,
      14,
      0,
      0,
      0,
      0
    ],
    [
      34,
      74,
      15606,
      241,
      10,
      0,
      3
    ],
    [
      83,
      0,
      143,
      469,
      16,
      0,
      2
    ],
    [
      12,
      0,
      16,
      23,
      149,
      12,
      2
    ],
    [
      2,
      0,
      1,
      0,
      9,
      16,
      1
    ],
    [
      2,
      0,
      5,
      0,
      5,
      0,
      33
    ]
  ],
  "labels": [
    0,
    1,
    2,
    3,
    4,
    5,
    6
  ]
}