{
  "macro_f1": 0.7799803094439762,
  "report": {
    "0": {
      "precision": 0.7961019490254873,
      "recall": 0.8704918032786885,
      "f1-score": 0.831636648394675,
      "support": 610.0
    },
    "1": {
      "precision": 0.9382022471910112,
      "recall": 0.963924963924964,
      "f1-score": 0.9508896797153025,
      "support": 693.0
    },
    "2": {
      "precision": 0.9893732103086224,
      "recall": 0.9736973947895792,
      "f1-score": 0.9814727140737936,
      "support": 15968.0
    },
    "3": {
      "precision": 0.5687361419068736,
      "recall": 0.7194950911640954,
      "f1-score": 0.6352941176470588,
      "support": 713.0
    },
    "4": {
      "precision": 0.7320574162679426,
      "recall": 0.7149532710280374,
      "f1-score": 0.723404255319149,
      "support": 214.0
    },
    "5": {
      "precision": 0.6,
      "recall": 0.5172413793103449,
      "f1-score": 0.5555555555555556,
      "support": 29.0
    },
    "6": {
      "precision": 0.8095238095238095,
      "recall": 0.7555555555555555,
      "f1-score": 0.7816091954022989,
      "support": 45.0
    },
    "accuracy": 0.9556698774080561,
    "macro avg": {
      "precision": 0.7762849677462494,
      "recall": 0.7879084941501808,
      "f1-score": 0.7799803094439762,
      "support": 18272.0
    },
    "weighted avg": {
      "precision": 0.9604917631406806,
      "recall": 0.9556698774080561,
      "f1-score": 0.9576115336754956,
      "support": 18272.0
    }
  },
  "confusion_matrix": [
    [
      531,
      1,
      29,
      40,
      9,
      0,
      0
    ],
    [
      1,
      668,
      23,
      1,
      0,
      0,
      0
    ],
    [
      39,
      43,
      15548,
      322,
      13,
      0,
      3
    ],
    [
      82,
      0,
      97,
      513,
      19,
      0,
      2
    ],
    [
      10,
      0,
      14,
      25,
      153,
      10,
      2
    ],
    [
      2,
      0,
      0,
      0,
      11,
      15,
      1
    ],
    [
      2,
      0,
      4,
      1,
      4,
      0,
      34
    ]
  ],
  "labels": [
    0,
    1,
    2,
    3,
    4,
    5,
    6
  ]
}