{
  "macro_f1": 0.7510320807937985,
  "report": {
    "0": {
      "precision": 0.7786032689450223,
      "recall": 0.8590163934426229,
      "f1-score": 0.8168355416991426,
      "support": 610.0
    },
    "1": {
      "precision": 0.8726114649681529,
      "recall": 0.9884559884559885,
      "f1-score": 0.9269282814614344,
      "support": 693.0
    },
    "2": {
      "precision": 0.9903981564460377,
      "recall": 0.968937875751503,
      "f1-score": 0.9795504906616018,
      "support": 15968.0
    },
    "3": {
      "precision": 0.5584988962472406,
      "recall": 0.7096774193548387,
      "f1-score": 0.625077208153181,
      "support": 713.0
    },
    "4": {
      "precision": 0.7035175879396985,
      "recall": 0.6542056074766355,
      "f1-score": 0.6779661016949152,
      "support": 214.0
    },
    "5": {
      "precision": 0.4473684210526316,
      "recall": 0.5862068965517241,
      "f1-score": 0.5074626865671642,
      "support": 29.0
    },
    "6": {
      "precision": 0.6938775510204082,
      "recall": 0.7555555555555555,
      "f1-score": 0.723404255319149,
      "support": 45.0
    },
    "accuracy": 0.9510726795096323,
    "macro avg": {
      "precision": 0.720696478088456,
      "recall": 0.7888651052269812,
      "f1-score": 0.7510320807937985,
      "support": 18272.0
    },
    "weighted avg": {
      "precision": 0.9570548463364462,
      "recall": 0.9510726795096323,
      "f1-score": 0.9533782628584418,
      "support": 18272.0
    }
  },
  "confusion_matrix": [
    [
      524,
      3,
      28,
      47,
      8,
      0,
      0
    ],
    [
      1,
      685,
      7,
      0,
      0,
      0,
      0
    ],
    [
      49,
      93,
      15472,
      324,
      19,
      2,
      9
    ],
    [
      80,
      3,
      101,
      506,
      20,
      0,
      3
    ],
    [
      15,
      0,
      11,
      28,
      140,
      18,
      2
    ],
    [
      2,
      0,
      0,
      0,
      9,
      17,
      1
    ],
    [
      2,
      1,
      3,
      1,
      3,
      1,
      34
    ]
  ],
  "labels": [
    0,
    1,
    2,
    3,
    4,
    5,
    6
  ]
}