{
  "macro_f1": 0.7731910479523866,
  "report": {
    "0": {
      "precision": 0.7751824817518248,
      "recall": 0.8704918032786885,
      "f1-score": 0.8200772200772201,
      "support": 610.0
    },
    "1": {
      "precision": 0.871501272264631,
      "recall": 0.9884559884559885,
      "f1-score": 0.9263015551048005,
      "support": 693.0
    },
    "2": {
      "precision": 0.9859128237523689,
      "recall": 0.9773922845691383,
      "f1-score": 0.9816340650355369,
      "support": 15968.0
    },
    "3": {
      "precision": 0.6183310533515732,
      "recall": 0.6339410939691444,
      "f1-score": 0.6260387811634349,
      "support": 713.0
    },
    "4": {
      "precision": 0.7888198757763976,
      "recall": 0.5934579439252337,
      "f1-score": 0.6773333333333333,
      "support": 214.0
    },
    "5": {
      "precision": 0.5588235294117647,
      "recall": 0.6551724137931034,
      "f1-score": 0.6031746031746031,
      "support": 29.0
    },
    "6": {
      "precision": 0.7777777777777778,
      "recall": 0.7777777777777778,
      "f1-score": 0.7777777777777778,
      "support": 45.0
    },
    "accuracy": 0.9553415061295972,
    "macro avg": {
      "precision": 0.7680498305837625,
      "recall": 0.7852413293955821,
      "f1-score": 0.7731910479523866,
      "support": 18272.0
    },
    "weighted avg": {
      "precision": 0.9566960946822783,
      "recall": 0.9553415061295972,
      "f1-score": 0.9555994899418296,
      "support": 18272.0
    }
  },
  "confusion_matrix": [
    [
      531,
      3,
      37,
      35,
      4,
      0,
      0
    ],
    [
      1,
      685,
      7,
      0,
      0,
      0,
      0
    ],
    [
      43,
      94,
      15607,
      214,
      6,
      0,
      4
    ],
    [
      87,
      3,
      154,
      452,
      14,
      0,
      3
    ],
    [
      19,
      0,
      22,
      29,
      127,
      15,
      2
    ],
    [
      2,
      0,
      0,
      0,
      7,
      19,
      1
    ],
    [
      2,
      1,
      3,
      1,
      3,
      0,
      35
    ]
  ],
  "labels": [
    0,
    1,
    2,
    3,
    4,
    5,
    6
  ]
}