{
  "macro_f1": 0.7543365941589066,
  "report": {
    "0": {
      "precision": 0.7849624060150376,
      "recall": 0.8557377049180328,
      "f1-score": 0.8188235294117647,
      "support": 610.0
    },
    "1": {
      "precision": 0.8726114649681529,
      "recall": 0.9884559884559885,
      "f1-score": 0.9269282814614344,
      "support": 693.0
    },
    "2": {
      "precision": 0.9896498849987222,
      "recall": 0.970065130260521,
      "f1-score": 0.9797596457938014,
      "support": 15968.0
    },
    "3": {
      "precision": 0.5622171945701357,
      "recall": 0.697054698457223,
      "f1-score": 0.6224170319348779,
      "support": 713.0
    },
    "4": {
      "precision": 0.7070707070707071,
      "recall": 0.6542056074766355,
      "f1-score": 0.6796116504854369,
      "support": 214.0
    },
    "5": {
      "precision": 0.46153846153846156,
      "recall": 0.6206896551724138,
      "f1-score": 0.5294117647058824,
      "support": 29.0
    },
    "6": {
      "precision": 0.6938775510204082,
      "recall": 0.7555555555555555,
      "f1-score": 0.723404255319149,
      "support": 45.0
    },
    "accuracy": 0.9515105078809106,
    "macro avg": {
      "precision": 0.7245610957402322,
      "recall": 0.7916806200423386,
      "f1-score": 0.7543365941589066,
      "support": 18272.0
    },
    "weighted avg": {
      "precision": 0.9568224207954176,
      "recall": 0.9515105078809106,
      "f1-score": 0.953577717035281,
      "support": 18272.0
    }
  },
  "confusion_matrix": [
    [
      522,
      3,
      29,
      48,
      8,
      0,
      0
    ],
    [
      1,
      685,
      7,
      0,
      0,
      0,
      0
    ],
    [
      45,
      93,
      15490,
      310,
      19,
      2,
      9
    ],
    [
      78,
      3,
      112,
      497,
      20,
      0,
      3
    ],
    [
      15,
      0,
      11,
      28,
      140,
      18,
      2
    ],
    [
      2,
      0,
      0,
      0,
      8,
      18,
      1
    ],
    [
      2,
      1,
      3,
      1,
      3,
      1,
      34
    ]
  ],
  "labels": [
    0,
    1,
    2,
    3,
    4,
    5,
    6
  ]
}