{
  "macro_f1": 0.7720436938929062,
  "report": {
    "0": {
      "precision": 0.7910447761194029,
      "recall": 0.8688524590163934,
      "f1-score": 0.828125,
      "support": 610.0
    },
    "1": {
      "precision": 0.8972332015810277,
      "recall": 0.9826839826839827,
      "f1-score": 0.9380165289256198,
      "support": 693.0
    },
    "2": {
      "precision": 0.9872704243191893,
      "recall": 0.9762650300601202,
      "f1-score": 0.9817368851942817,
      "support": 15968.0
    },
    "3": {
      "precision": 0.6053639846743295,
      "recall": 0.664796633941094,
      "f1-score": 0.6336898395721925,
      "support": 713.0
    },
    "4": {
      "precision": 0.7412935323383084,
      "recall": 0.6962616822429907,
      "f1-score": 0.7180722891566265,
      "support": 214.0
    },
    "5": {
      "precision": 0.5517241379310345,
      "recall": 0.5517241379310345,
      "f1-score": 0.5517241379310345,
      "support": 29.0
    },
    "6": {
      "precision": 0.8,
      "recall": 0.7111111111111111,
      "f1-score": 0.7529411764705882,
      "support": 45.0
    },
    "accuracy": 0.9561624343257443,
    "macro avg": {
      "precision": 0.7677042938518989,
      "recall": 0.7788135767123896,
      "f1-score": 0.7720436938929062,
      "support": 18272.0
    },
    "weighted avg": {
      "precision": 0.9583688372729039,
      "recall": 0.9561624343257443,
      "f1-score": 0.9570351885816227,
      "support": 18272.0
    }
  },
  "confusion_matrix": [
    [
      530,
      2,
      38,
      32,
      8,
      0,
      0
    ],
    [
      1,
      681,
      11,
      0,
      0,
      0,
      0
    ],
    [
      37,
      75,
      15589,
      253,
      11,
      0,
      3
    ],
    [
      87,
      0,
      131,
      474,
      19,
      0,
      2
    ],
    [
      11,
      0,
      16,
      24,
      149,
      12,
      2
    ],
    [
      2,
      0,
      0,
      0,
      10,
      16,
      1
    ],
    [
      2,
      1,
      5,
      0,
      4,
      1,
      32
    ]
  ],
  "labels": [
    0,
    1,
    2,
    3,
    4,
    5,
    6
  ]
}