{
  "macro_f1": 0.7788210087491553,
  "report": {
    "0": {
      "precision": 0.7961019490254873,
      "recall": 0.8704918032786885,
      "f1-score": 0.831636648394675,
      "support": 610.0
    },
    "1": {
      "precision": 0.9540229885057471,
      "recall": 0.9581529581529582,
      "f1-score": 0.9560835133189345,
      "support": 693.0
    },
    "2": {
      "precision": 0.9833187006145742,
      "recall": 0.9819639278557114,
      "f1-score": 0.9826408472770571,
      "support": 15968.0
    },
    "3": {
      "precision": 0.6319648093841642,
      "recall": 0.6044880785413744,
      "f1-score": 0.617921146953405,
      "support": 713.0
    },
    "4": {
      "precision": 0.7525252525252525,
      "recall": 0.6962616822429907,
      "f1-score": 0.7233009708737864,
      "support": 214.0
    },
    "5": {
      "precision": 0.5625,
      "recall": 0.6206896551724138,
      "f1-score": 0.5901639344262295,
      "support": 29.0
    },
    "6": {
      "precision": 0.7058823529411765,
      "recall": 0.8,
      "f1-score": 0.75,
      "support": 45.0
    },
    "accuracy": 0.958242119089317,
    "macro avg": {
      "precision": 0.7694737218566289,
      "recall": 0.7902925864634481,
      "f1-score": 0.7788210087491553,
      "support": 18272.0
    },
    "weighted avg": {
      "precision": 0.9581929537197469,
      "recall": 0.958242119089317,
      "f1-score": 0.9581273105962101,
      "support": 18272.0
    }
  },
  "confusion_matrix": [
    [
      531,
      0,
      44,
      27,
      8,
      0,
      0
    ],
    [
      1,
      664,
      28,
      0,
      0,
      0,
      0
    ],
    [
      33,
      32,
      15680,
      204,
      11,
      0,
      8
    ],
    [
      88,
      0,
      173,
      431,
      18,
      0,
      3
    ],
    [
      10,
      0,
      18,
      20,
      149,
      14,
      3
    ],
    [
      2,
      0,
      0,
      0,
      8,
      18,
      1
    ],
    [
      2,
      0,
      3,
      0,
      4,
      0,
      36
    ]
  ],
  "labels": [
    0,
    1,
    2,
    3,
    4,
    5,
    6
  ]
}