{
  "macro_f1": 0.8163638665351027,
  "report": {
    "0": {
      "precision": 0.8034055727554179,
      "recall": 0.8508196721311475,
      "f1-score": 0.8264331210191083,
      "support": 610.0
    },
    "2": {
      "precision": 0.9894923408026333,
      "recall": 0.9789579158316634,
      "f1-score": 0.9841969401246616,
      "support": 15968.0
    },
    "3": {
      "precision": 0.5879574970484062,
      "recall": 0.6984572230014026,
      "f1-score": 0.6384615384615384,
      "support": 713.0
    },
    "accuracy": 0.9628708576716211,
    "macro avg": {
      "precision": 0.7936184702021524,
      "recall": 0.8427449369880712,
      "f1-score": 0.8163638665351027,
      "support": 17291.0
    },
    "weighted avg": {
      "precision": 0.9663700649304706,
      "recall": 0.9628708576716211,
      "f1-score": 0.9643747626311567,
      "support": 17291.0
    }
  },
  "confusion_matrix": [
    [
      519,
      33,
      58
    ],
    [
      45,
      15632,
      291
    ],
    [
      82,
      133,
      498
    ]
  ],
  "labels": [
    0,
    2,
    3
  ]
}