{
  "macro_f1": 0.7508497447022585,
  "report": {
    "0": {
      "precision": 0.787556904400607,
      "recall": 0.8508196721311475,
      "f1-score": 0.817966903073286,
      "support": 610.0
    },
    "1": {
      "precision": 0.8726114649681529,
      "recall": 0.9884559884559885,
      "f1-score": 0.9269282814614344,
      "support": 693.0
    },
    "2": {
      "precision": 0.9894683091849109,
      "recall": 0.9708166332665331,
      "f1-score": 0.9800537379484748,
      "support": 15968.0
    },
    "3": {
      "precision": 0.5645714285714286,
      "recall": 0.6928471248246845,
      "f1-score": 0.6221662468513854,
      "support": 713.0
    },
    "4": {
      "precision": 0.7035175879396985,
      "recall": 0.6542056074766355,
      "f1-score": 0.6779661016949152,
      "support": 214.0
    },
    "5": {
      "precision": 0.4473684210526316,
      "recall": 0.5862068965517241,
      "f1-score": 0.5074626865671642,
      "support": 29.0
    },
    "6": {
      "precision": 0.6938775510204082,
      "recall": 0.7555555555555555,
      "f1-score": 0.723404255319149,
      "support": 45.0
    },
    "accuracy": 0.9517841506129597,
    "macro avg": {
      "precision": 0.7227102381625483,
      "recall": 0.7855582111803241,
      "f1-score": 0.7508497447022585,
      "support": 18272.0
    },
    "weighted avg": {
      "precision": 0.9567781186716793,
      "recall": 0.9517841506129597,
      "f1-score": 0.9537422332889822,
      "support": 18272.0
    }
  },
  "confusion_matrix": [
    [
      519,
      3,
      29,
      51,
      8,
      0,
      0
    ],
    [
      1,
      685,
      7,
      0,
      0,
      0,
      0
    ],
    [
      42,
      93,
      15502,
      301,
      19,
      2,
      9
    ],
    [
      78,
      3,
      115,
      494,
      20,
      0,
      3
    ],
    [
      15,
      0,
      11,
      28,
      140,
      18,
      2
    ],
    [
      2,
      0,
      0,
      0,
      9,
      17,
      1
    ],
    [
      2,
      1,
      3,
      1,
      3,
      1,
      34
    ]
  ],
  "labels": [
    0,
    1,
    2,
    3,
    4,
    5,
    6
  ]
}