{
  "macro_f1": 0.7714340223321592,
  "report": {
    "0": {
      "precision": 0.7787742899850523,
      "recall": 0.8540983606557377,
      "f1-score": 0.8146989835809226,
      "support": 610.0
    },
    "1": {
      "precision": 0.871501272264631,
      "recall": 0.9884559884559885,
      "f1-score": 0.9263015551048005,
      "support": 693.0
    },
    "2": {
      "precision": 0.985838917688709,
      "recall": 0.9765781563126252,
      "f1-score": 0.9811866859623734,
      "support": 15968.0
    },
    "3": {
      "precision": 0.6007905138339921,
      "recall": 0.6395511921458625,
      "f1-score": 0.6195652173913043,
      "support": 713.0
    },
    "4": {
      "precision": 0.7888198757763976,
      "recall": 0.5934579439252337,
      "f1-score": 0.6773333333333333,
      "support": 214.0
    },
    "5": {
      "precision": 0.5588235294117647,
      "recall": 0.6551724137931034,
      "f1-score": 0.6031746031746031,
      "support": 29.0
    },
    "6": {
      "precision": 0.7777777777777778,
      "recall": 0.7777777777777778,
      "f1-score": 0.7777777777777778,
      "support": 45.0
    },
    "accuracy": 0.9543016637478109,
    "macro avg": {
      "precision": 0.7660465966769034,
      "recall": 0.7835845475809041,
      "f1-score": 0.7714340223321592,
      "support": 18272.0
    },
    "weighted avg": {
      "precision": 0.9560669608338607,
      "recall": 0.9543016637478109,
      "f1-score": 0.9547763658025703,
      "support": 18272.0
    }
  },
  "confusion_matrix": [
    [
      521,
      3,
      37,
      45,
      4,
      0,
      0
    ],
    [
      1,
      685,
      7,
      0,
      0,
      0,
      0
    ],
    [
      41,
      94,
      15594,
      229,
      6,
      0,
      4
    ],
    [
      84,
      3,
      153,
      456,
      14,
      0,
      3
    ],
    [
      18,
      0,
      24,
      28,
      127,
      15,
      2
    ],
    [
      2,
      0,
      0,
      0,
      7,
      19,
      1
    ],
    [
      2,
      1,
      3,
      1,
      3,
      0,
      35
    ]
  ],
  "labels": [
    0,
    1,
    2,
    3,
    4,
    5,
    6
  ]
}