{
  "macro_f1": 0.7719229595488564,
  "report": {
    "0": {
      "precision": 0.8047244094488188,
      "recall": 0.8377049180327869,
      "f1-score": 0.8208835341365461,
      "support": 610.0
    },
    "1": {
      "precision": 0.9076305220883534,
      "recall": 0.9783549783549783,
      "f1-score": 0.9416666666666667,
      "support": 693.0
    },
    "2": {
      "precision": 0.9875705498129241,
      "recall": 0.9752630260521042,
      "f1-score": 0.981378202098497,
      "support": 15968.0
    },
    "3": {
      "precision": 0.5917874396135265,
      "recall": 0.6872370266479664,
      "f1-score": 0.6359506813757301,
      "support": 713.0
    },
    "4": {
      "precision": 0.6896551724137931,
      "recall": 0.7476635514018691,
      "f1-score": 0.7174887892376681,
      "support": 214.0
    },
    "5": {
      "precision": 0.6666666666666666,
      "recall": 0.41379310344827586,
      "f1-score": 0.5106382978723404,
      "support": 29.0
    },
    "6": {
      "precision": 0.813953488372093,
      "recall": 0.7777777777777778,
      "f1-score": 0.7954545454545454,
      "support": 45.0
    },
    "accuracy": 0.9555056917688266,
    "macro avg": {
      "precision": 0.780284035488025,
      "recall": 0.773970625959394,
      "f1-score": 0.7719229595488564,
      "support": 18272.0
    },
    "weighted avg": {
      "precision": 0.9585643756914871,
      "recall": 0.9555056917688266,
      "f1-score": 0.9567392999580562,
      "support": 18272.0
    }
  },
  "confusion_matrix": [
    [
      511,
      3,
      42,
      44,
      10,
      0,
      0
    ],
    [
      1,
      678,
      14,
      0,
      0,
      0,
      0
    ],
    [
      38,
      66,
      15573,
      269,
      18,
      0,
      4
    ],
    [
      72,
      0,
      124,
      490,
      25,
      0,
      2
    ],
    [
      10,
      0,
      13,
      24,
      160,
      6,
      1
    ],
    [
      1,
      0,
      0,
      0,
      15,
      12,
      1
    ],
    [
      2,
      0,
      3,
      1,
      4,
      0,
      35
    ]
  ],
  "labels": [
    0,
    1,
    2,
    3,
    4,
    5,
    6
  ]
}