{
  "macro_f1": 0.769911259528813,
  "report": {
    "0": {
      "precision": 0.8265139116202946,
      "recall": 0.8278688524590164,
      "f1-score": 0.8271908271908271,
      "support": 610.0
    },
    "1": {
      "precision": 0.9172320217096337,
      "recall": 0.9754689754689755,
      "f1-score": 0.9454545454545454,
      "support": 693.0
    },
    "2": {
      "precision": 0.9823297199072624,
      "recall": 0.9817760521042084,
      "f1-score": 0.9820528079681774,
      "support": 15968.0
    },
    "3": {
      "precision": 0.6363636363636364,
      "recall": 0.5890603085553997,
      "f1-score": 0.6117989803350328,
      "support": 713.0
    },
    "4": {
      "precision": 0.6666666666666666,
      "recall": 0.7757009345794392,
      "f1-score": 0.7170626349892009,
      "support": 214.0
    },
    "5": {
      "precision": 0.6666666666666666,
      "recall": 0.41379310344827586,
      "f1-score": 0.5106382978723404,
      "support": 29.0
    },
    "6": {
      "precision": 0.868421052631579,
      "recall": 0.7333333333333333,
      "f1-score": 0.7951807228915663,
      "support": 45.0
    },
    "accuracy": 0.9571475481611208,
    "macro avg": {
      "precision": 0.7948848107951056,
      "recall": 0.7567145085640926,
      "f1-score": 0.769911259528813,
      "support": 18272.0
    },
    "weighted avg": {
      "precision": 0.956680301264668,
      "recall": 0.9571475481611208,
      "f1-score": 0.9567349694755497,
      "support": 18272.0
    }
  },
  "confusion_matrix": [
    [
      505,
      2,
      51,
      41,
      11,
      0,
      0
    ],
    [
      1,
      676,
      16,
      0,
      0,
      0,
      0
    ],
    [
      28,
      59,
      15677,
      181,
      22,
      0,
      1
    ],
    [
      67,
      0,
      194,
      420,
      30,
      0,
      2
    ],
    [
      7,
      0,
      16,
      18,
      166,
      6,
      1
    ],
    [
      1,
      0,
      1,
      0,
      14,
      12,
      1
    ],
    [
      2,
      0,
      4,
      0,
      6,
      0,
      33
    ]
  ],
  "labels": [
    0,
    1,
    2,
    3,
    4,
    5,
    6
  ]
}