{
  "macro_f1": 0.7745978692435059,
  "report": {
    "0": {
      "precision": 0.7899408284023669,
      "recall": 0.8754098360655738,
      "f1-score": 0.8304821150855366,
      "support": 610.0
    },
    "1": {
      "precision": 0.8891786179921773,
      "recall": 0.9841269841269841,
      "f1-score": 0.9342465753424658,
      "support": 693.0
    },
    "2": {
      "precision": 0.988560533841754,
      "recall": 0.9741357715430862,
      "f1-score": 0.9812951455698199,
      "support": 15968.0
    },
    "3": {
      "precision": 0.5919610231425091,
      "recall": 0.6816269284712483,
      "f1-score": 0.6336375488917861,
      "support": 713.0
    },
    "4": {
      "precision": 0.7412935323383084,
      "recall": 0.6962616822429907,
      "f1-score": 0.7180722891566265,
      "support": 214.0
    },
    "5": {
      "precision": 0.5517241379310345,
      "recall": 0.5517241379310345,
      "f1-score": 0.5517241379310345,
      "support": 29.0
    },
    "6": {
      "precision": 0.7906976744186046,
      "recall": 0.7555555555555555,
      "f1-score": 0.7727272727272727,
      "support": 45.0
    },
    "accuracy": 0.9553415061295972,
    "macro avg": {
      "precision": 0.7633366211523935,
      "recall": 0.788405842276639,
      "f1-score": 0.7745978692435059,
      "support": 18272.0
    },
    "weighted avg": {
      "precision": 0.958608018429783,
      "recall": 0.9553415061295972,
      "f1-score": 0.9566315466771825,
      "support": 18272.0
    }
  },
  "confusion_matrix": [
    [
      534,
      2,
      32,
      34,
      8,
      0,
      0
    ],
    [
      1,
      682,
      10,
      0,
      0,
      0,
      0
    ],
    [
      40,
      82,
      15555,
      276,
      12,
      0,
      3
    ],
    [
      85,
      0,
      120,
      486,
      19,
      0,
      3
    ],
    [
      12,
      0,
      14,
      24,
      149,
      13,
      2
    ],
    [
      2,
      0,
      0,
      0,
      10,
      16,
      1
    ],
    [
      2,
      1,
      4,
      1,
      3,
      0,
      34
    ]
  ],
  "labels": [
    0,
    1,
    2,
    3,
    4,
    5,
    6
  ]
}