{
  "macro_f1": 0.7805203447545519,
  "report": {
    "0": {
      "precision": 0.7861356932153393,
      "recall": 0.8737704918032787,
      "f1-score": 0.827639751552795,
      "support": 610.0
    },
    "1": {
      "precision": 0.8541147132169576,
      "recall": 0.9884559884559885,
      "f1-score": 0.9163879598662207,
      "support": 693.0
    },
    "2": {
      "precision": 0.9879288437102922,
      "recall": 0.9738226452905812,
      "f1-score": 0.980825028384004,
      "support": 15968.0
    },
    "3": {
      "precision": 0.6028460543337646,
      "recall": 0.6535764375876578,
      "f1-score": 0.6271870794078062,
      "support": 713.0
    },
    "4": {
      "precision": 0.755,
      "recall": 0.705607476635514,
      "f1-score": 0.7294685990338164,
      "support": 214.0
    },
    "5": {
      "precision": 0.5757575757575758,
      "recall": 0.6551724137931034,
      "f1-score": 0.6129032258064516,
      "support": 29.0
    },
    "6": {
      "precision": 0.7608695652173914,
      "recall": 0.7777777777777778,
      "f1-score": 0.7692307692307693,
      "support": 45.0
    },
    "accuracy": 0.9544111208406305,
    "macro avg": {
      "precision": 0.7603789207787601,
      "recall": 0.8040261759062716,
      "f1-score": 0.7805203447545519,
      "support": 18272.0
    },
    "weighted avg": {
      "precision": 0.9571490467577923,
      "recall": 0.9544111208406305,
      "f1-score": 0.9554187502104338,
      "support": 18272.0
    }
  },
  "confusion_matrix": [
    [
      533,
      4,
      34,
      31,
      8,
      0,
      0
    ],
    [
      1,
      685,
      7,
      0,
      0,
      0,
      0
    ],
    [
      41,
      106,
      15550,
      254,
      11,
      1,
      5
    ],
    [
      87,
      5,
      132,
      466,
      20,
      0,
      3
    ],
    [
      12,
      0,
      14,
      22,
      151,
      13,
      2
    ],
    [
      2,
      0,
      0,
      0,
      7,
      19,
      1
    ],
    [
      2,
      2,
      3,
      0,
      3,
      0,
      35
    ]
  ],
  "labels": [
    0,
    1,
    2,
    3,
    4,
    5,
    6
  ]
}