{
  "macro_f1": 0.6516939059667399,
  "report": {
    "0": {
      "precision": 0.6272401433691757,
      "recall": 0.860655737704918,
      "f1-score": 0.7256392536281963,
      "support": 610.0
    },
    "1": {
      "precision": 0.7903225806451613,
      "recall": 0.98989898989899,
      "f1-score": 0.8789237668161435,
      "support": 693.0
    },
    "2": {
      "precision": 0.9988601553038399,
      "recall": 0.8780686372745491,
      "f1-score": 0.9345775704049325,
      "support": 15968.0
    },
    "3": {
      "precision": 0.27025782688766115,
      "recall": 0.82328190743338,
      "f1-score": 0.40693240901213173,
      "support": 713.0
    },
    "4": {
      "precision": 0.5547703180212014,
      "recall": 0.7336448598130841,
      "f1-score": 0.6317907444668008,
      "support": 214.0
    },
    "5": {
      "precision": 0.45454545454545453,
      "recall": 0.3448275862068966,
      "f1-score": 0.39215686274509803,
      "support": 29.0
    },
    "6": {
      "precision": 0.5471698113207547,
      "recall": 0.6444444444444445,
      "f1-score": 0.5918367346938775,
      "support": 45.0
    },
    "accuracy": 0.8764776707530648,
    "macro avg": {
      "precision": 0.606166612870464,
      "recall": 0.7535460232537519,
      "f1-score": 0.6516939059667399,
      "support": 18272.0
    },
    "weighted avg": {
      "precision": 0.9429360843943029,
      "recall": 0.8764776707530648,
      "f1-score": 0.8996508312371457,
      "support": 18272.0
    }
  },
  "confusion_matrix": [
    [
      525,
      2,
      6,
      62,
      15,
      0,
      0
    ],
    [
      2,
      686,
      4,
      1,
      0,
      0,
      0
    ],
    [
      203,
      177,
      14021,
      1487,
      57,
      3,
      20
    ],
    [
      88,
      3,
      4,
      587,
      29,
      0,
      2
    ],
    [
      17,
      0,
      1,
      30,
      157,
      8,
      1
    ],
    [
      1,
      0,
      0,
      1,
      16,
      10,
      1
    ],
    [
      1,
      0,
      1,
      4,
      9,
      1,
      29
    ]
  ]
}