{
  "macro_f1": 0.6844297202840286,
  "report": {
    "0": {
      "precision": 0.7221438645980254,
      "recall": 0.839344262295082,
      "f1-score": 0.7763457164518575,
      "support": 610.0
    },
    "1": {
      "precision": 0.8080094228504122,
      "recall": 0.98989898989899,
      "f1-score": 0.8897535667963683,
      "support": 693.0
    },
    "2": {
      "precision": 0.9949151377722806,
      "recall": 0.906751002004008,
      "f1-score": 0.9487893581468497,
      "support": 15968.0
    },
    "3": {
      "precision": 0.3175750834260289,
      "recall": 0.8008415147265077,
      "f1-score": 0.4547988849064118,
      "support": 713.0
    },
    "4": {
      "precision": 0.5618374558303887,
      "recall": 0.7429906542056075,
      "f1-score": 0.6398390342052314,
      "support": 214.0
    },
    "5": {
      "precision": 0.52,
      "recall": 0.4482758620689655,
      "f1-score": 0.48148148148148145,
      "support": 29.0
    },
    "6": {
      "precision": 0.5454545454545454,
      "recall": 0.6666666666666666,
      "f1-score": 0.6,
      "support": 45.0
    },
    "accuracy": 0.900284588441331,
    "macro avg": {
      "precision": 0.6385622157045259,
      "recall": 0.7706812788379753,
      "f1-score": 0.6844297202840286,
      "support": 18272.0
    },
    "weighted avg": {
      "precision": 0.9453564422046751,
      "recall": 0.900284588441331,
      "f1-score": 0.9162980900249325,
      "support": 18272.0
    }
  },
  "confusion_matrix": [
    [
      512,
      2,
      29,
      48,
      19,
      0,
      0
    ],
    [
      1,
      686,
      5,
      1,
      0,
      0,
      0
    ],
    [
      104,
      159,
      14479,
      1152,
      54,
      2,
      18
    ],
    [
      78,
      2,
      27,
      571,
      33,
      0,
      2
    ],
    [
      12,
      0,
      8,
      23,
      159,
      9,
      3
    ],
    [
      1,
      0,
      2,
      0,
      11,
      13,
      2
    ],
    [
      1,
      0,
      3,
      3,
      7,
      1,
      30
    ]
  ]
}