{
  "macro_f1": 0.6748468718441509,
  "report": {
    "0": {
      "precision": 0.6039260969976905,
      "recall": 0.8573770491803279,
      "f1-score": 0.7086720867208672,
      "support": 610.0
    },
    "1": {
      "precision": 0.8037602820211516,
      "recall": 0.987012987012987,
      "f1-score": 0.8860103626943006,
      "support": 693.0
    },
    "2": {
      "precision": 0.9970957002195934,
      "recall": 0.8815130260521042,
      "f1-score": 0.9357487119827156,
      "support": 15968.0
    },
    "3": {
      "precision": 0.27337786259541985,
      "recall": 0.8036465638148668,
      "f1-score": 0.4079743681025276,
      "support": 713.0
    },
    "4": {
      "precision": 0.5642023346303502,
      "recall": 0.677570093457944,
      "f1-score": 0.6157112526539278,
      "support": 214.0
    },
    "5": {
      "precision": 0.5833333333333334,
      "recall": 0.4827586206896552,
      "f1-score": 0.5283018867924528,
      "support": 29.0
    },
    "6": {
      "precision": 0.5573770491803278,
      "recall": 0.7555555555555555,
      "f1-score": 0.6415094339622641,
      "support": 45.0
    },
    "accuracy": 0.8783384413309983,
    "macro avg": {
      "precision": 0.626153236996838,
      "recall": 0.7779191279662058,
      "f1-score": 0.6748468718441509,
      "support": 18272.0
    },
    "weighted avg": {
      "precision": 0.9415871981850331,
      "recall": 0.8783384413309983,
      "f1-score": 0.9005673817292693,
      "support": 18272.0
    }
  },
  "confusion_matrix": [
    [
      523,
      3,
      15,
      51,
      17,
      0,
      1
    ],
    [
      1,
      684,
      7,
      1,
      0,
      0,
      0
    ],
    [
      228,
      162,
      14076,
      1429,
      50,
      1,
      22
    ],
    [
      95,
      1,
      14,
      573,
      29,
      0,
      1
    ],
    [
      16,
      0,
      4,
      39,
      145,
      8,
      2
    ],
    [
      1,
      0,
      0,
      1,
      12,
      14,
      1
    ],
    [
      2,
      1,
      1,
      2,
      4,
      1,
      34
    ]
  ]
}