{
  "macro_f1": 0.6603238322488324,
  "report": {
    "0": {
      "precision": 0.5179786200194364,
      "recall": 0.8737704918032787,
      "f1-score": 0.6503965832824893,
      "support": 610.0
    },
    "1": {
      "precision": 0.7797956867196367,
      "recall": 0.9913419913419913,
      "f1-score": 0.8729351969504447,
      "support": 693.0
    },
    "2": {
      "precision": 0.998695557649105,
      "recall": 0.8630385771543087,
      "f1-score": 0.9259246816944939,
      "support": 15968.0
    },
    "3": {
      "precision": 0.25771812080536916,
      "recall": 0.8078541374474053,
      "f1-score": 0.39077340569877883,
      "support": 713.0
    },
    "4": {
      "precision": 0.5826446280991735,
      "recall": 0.6588785046728972,
      "f1-score": 0.618421052631579,
      "support": 214.0
    },
    "5": {
      "precision": 0.5833333333333334,
      "recall": 0.4827586206896552,
      "f1-score": 0.5283018867924528,
      "support": 29.0
    },
    "6": {
      "precision": 0.5483870967741935,
      "recall": 0.7555555555555555,
      "f1-score": 0.6355140186915887,
      "support": 45.0
    },
    "accuracy": 0.8628502626970228,
    "macro avg": {
      "precision": 0.6097932919143211,
      "recall": 0.7761711255235845,
      "f1-score": 0.6603238322488324,
      "support": 18272.0
    },
    "weighted avg": {
      "precision": 0.9387899020478562,
      "recall": 0.8628502626970228,
      "f1-score": 0.888886479513526,
      "support": 18272.0
    }
  },
  "confusion_matrix": [
    [
      533,
      3,
      6,
      53,
      14,
      0,
      1
    ],
    [
      2,
      687,
      3,
      1,
      0,
      0,
      0
    ],
    [
      371,
      188,
      13781,
      1559,
      46,
      1,
      22
    ],
    [
      102,
      2,
      7,
      576,
      25,
      0,
      1
    ],
    [
      18,
      0,
      1,
      43,
      141,
      8,
      3
    ],
    [
      1,
      0,
      0,
      1,
      12,
      14,
      1
    ],
    [
      2,
      1,
      1,
      2,
      4,
      1,
      34
    ]
  ]
}