{
  "macro_f1": 0.7575452596292255,
  "report": {
    "0": {
      "precision": 0.7846385542168675,
      "recall": 0.8540983606557377,
      "f1-score": 0.8178963893249608,
      "support": 610.0
    },
    "1": {
      "precision": 0.8837209302325582,
      "recall": 0.987012987012987,
      "f1-score": 0.9325153374233128,
      "support": 693.0
    },
    "2": {
      "precision": 0.9899712551900351,
      "recall": 0.970566132264529,
      "f1-score": 0.980172659140499,
      "support": 15968.0
    },
    "3": {
      "precision": 0.5667789001122334,
      "recall": 0.7082748948106592,
      "f1-score": 0.6296758104738155,
      "support": 713.0
    },
    "4": {
      "precision": 0.7014925373134329,
      "recall": 0.6588785046728972,
      "f1-score": 0.6795180722891566,
      "support": 214.0
    },
    "5": {
      "precision": 0.47058823529411764,
      "recall": 0.5517241379310345,
      "f1-score": 0.5079365079365079,
      "support": 29.0
    },
    "6": {
      "precision": 0.6981132075471698,
      "recall": 0.8222222222222222,
      "f1-score": 0.7551020408163265,
      "support": 45.0
    },
    "accuracy": 0.9523861646234676,
    "macro avg": {
      "precision": 0.7279005171294878,
      "recall": 0.7932538913671524,
      "f1-score": 0.7575452596292255,
      "support": 18272.0
    },
    "weighted avg": {
      "precision": 0.9576512717560302,
      "recall": 0.9523861646234676,
      "f1-score": 0.954445732179437,
      "support": 18272.0
    }
  },
  "confusion_matrix": [
    [
      521,
      3,
      32,
      43,
      9,
      0,
      2
    ],
    [
      1,
      684,
      8,
      0,
      0,
      0,
      0
    ],
    [
      51,
      85,
      15498,
      309,
      15,
      1,
      9
    ],
    [
      78,
      1,
      105,
      505,
      22,
      0,
      2
    ],
    [
      10,
      0,
      11,
      33,
      141,
      17,
      2
    ],
    [
      1,
      0,
      0,
      0,
      11,
      16,
      1
    ],
    [
      2,
      1,
      1,
      1,
      3,
      0,
      37
    ]
  ],
  "labels": [
    0,
    1,
    2,
    3,
    4,
    5,
    6
  ]
}