{
  "macro_f1": 0.7701525150237679,
  "report": {
    "0": {
      "precision": 0.8044515103338633,
      "recall": 0.8295081967213115,
      "f1-score": 0.8167877320419693,
      "support": 610.0
    },
    "1": {
      "precision": 0.9076305220883534,
      "recall": 0.9783549783549783,
      "f1-score": 0.9416666666666667,
      "support": 693.0
    },
    "2": {
      "precision": 0.9872526636225266,
      "recall": 0.9748872745490982,
      "f1-score": 0.9810310057978321,
      "support": 15968.0
    },
    "3": {
      "precision": 0.5839328537170264,
      "recall": 0.6830294530154277,
      "f1-score": 0.6296056884292178,
      "support": 713.0
    },
    "4": {
      "precision": 0.6866952789699571,
      "recall": 0.7476635514018691,
      "f1-score": 0.7158836689038032,
      "support": 214.0
    },
    "5": {
      "precision": 0.6666666666666666,
      "recall": 0.41379310344827586,
      "f1-score": 0.5106382978723404,
      "support": 29.0
    },
    "6": {
      "precision": 0.813953488372093,
      "recall": 0.7777777777777778,
      "f1-score": 0.7954545454545454,
      "support": 45.0
    },
    "accuracy": 0.9547394921190894,
    "macro avg": {
      "precision": 0.7786547119672124,
      "recall": 0.7721449050383911,
      "f1-score": 0.7701525150237679,
      "support": 18272.0
    },
    "weighted avg": {
      "precision": 0.957936299285534,
      "recall": 0.9547394921190894,
      "f1-score": 0.9560327574050232,
      "support": 18272.0
    }
  },
  "confusion_matrix": [
    [
      506,
      3,
      43,
      48,
      10,
      0,
      0
    ],
    [
      1,
      678,
      14,
      0,
      0,
      0,
      0
    ],
    [
      38,
      66,
      15567,
      274,
      19,
      0,
      4
    ],
    [
      71,
      0,
      128,
      487,
      25,
      0,
      2
    ],
    [
      10,
      0,
      12,
      25,
      160,
      6,
      1
    ],
    [
      1,
      0,
      0,
      0,
      15,
      12,
      1
    ],
    [
      2,
      0,
      4,
      0,
      4,
      0,
      35
    ]
  ],
  "labels": [
    0,
    1,
    2,
    3,
    4,
    5,
    6
  ]
}