{
  "macro_f1": 0.7624982073389303,
  "report": {
    "0": {
      "precision": 0.7645390070921986,
      "recall": 0.8836065573770492,
      "f1-score": 0.8197718631178708,
      "support": 610.0
    },
    "1": {
      "precision": 0.8722860791826309,
      "recall": 0.9855699855699855,
      "f1-score": 0.9254742547425474,
      "support": 693.0
    },
    "2": {
      "precision": 0.991383744855967,
      "recall": 0.9655561122244489,
      "f1-score": 0.9782994923857868,
      "support": 15968.0
    },
    "3": {
      "precision": 0.5367647058823529,
      "recall": 0.7166900420757363,
      "f1-score": 0.6138138138138138,
      "support": 713.0
    },
    "4": {
      "precision": 0.7272727272727273,
      "recall": 0.6728971962616822,
      "f1-score": 0.6990291262135923,
      "support": 214.0
    },
    "5": {
      "precision": 0.5,
      "recall": 0.6206896551724138,
      "f1-score": 0.5538461538461539,
      "support": 29.0
    },
    "6": {
      "precision": 0.7391304347826086,
      "recall": 0.7555555555555555,
      "f1-score": 0.7472527472527473,
      "support": 45.0
    },
    "accuracy": 0.9493760945709282,
    "macro avg": {
      "precision": 0.7330538141526407,
      "recall": 0.800080729176696,
      "f1-score": 0.7624982073389303,
      "support": 18272.0
    },
    "weighted avg": {
      "precision": 0.9570593888767286,
      "recall": 0.9493760945709282,
      "f1-score": 0.952267413736953,
      "support": 18272.0
    }
  },
  "confusion_matrix": [
    [
      539,
      3,
      26,
      35,
      7,
      0,
      0
    ],
    [
      1,
      683,
      9,
      0,
      0,
      0,
      0
    ],
    [
      58,
      93,
      15418,
      376,
      16,
      1,
      6
    ],
    [
      89,
      3,
      87,
      511,
      20,
      0,
      3
    ],
    [
      14,
      0,
      10,
      28,
      144,
      16,
      2
    ],
    [
      2,
      0,
      0,
      0,
      8,
      18,
      1
    ],
    [
      2,
      1,
      2,
      2,
      3,
      1,
      34
    ]
  ],
  "labels": [
    0,
    1,
    2,
    3,
    4,
    5,
    6
  ]
}