{
  "macro_f1": 0.771195879374155,
  "report": {
    "0": {
      "precision": 0.7777777777777778,
      "recall": 0.8721311475409836,
      "f1-score": 0.8222565687789799,
      "support": 610.0
    },
    "1": {
      "precision": 0.9042553191489362,
      "recall": 0.9812409812409812,
      "f1-score": 0.9411764705882353,
      "support": 693.0
    },
    "2": {
      "precision": 0.9884098579889193,
      "recall": 0.9720065130260521,
      "f1-score": 0.9801395598497048,
      "support": 15968.0
    },
    "3": {
      "precision": 0.5627853881278538,
      "recall": 0.6914446002805049,
      "f1-score": 0.6205160478288232,
      "support": 713.0
    },
    "4": {
      "precision": 0.7722222222222223,
      "recall": 0.6495327102803738,
      "f1-score": 0.7055837563451777,
      "support": 214.0
    },
    "5": {
      "precision": 0.5135135135135135,
      "recall": 0.6551724137931034,
      "f1-score": 0.5757575757575758,
      "support": 29.0
    },
    "6": {
      "precision": 0.8,
      "recall": 0.7111111111111111,
      "f1-score": 0.7529411764705882,
      "support": 45.0
    },
    "accuracy": 0.9531523642732049,
    "macro avg": {
      "precision": 0.7598520112541747,
      "recall": 0.7903770681818729,
      "f1-score": 0.771195879374155,
      "support": 18272.0
    },
    "weighted avg": {
      "precision": 0.9578281207401669,
      "recall": 0.9531523642732049,
      "f1-score": 0.9549410289706037,
      "support": 18272.0
    }
  },
  "confusion_matrix": [
    [
      532,
      1,
      36,
      34,
      7,
      0,
      0
    ],
    [
      1,
      680,
      12,
      0,
      0,
      0,
      0
    ],
    [
      46,
      71,
      15521,
      318,
      9,
      1,
      2
    ],
    [
      87,
      0,
      115,
      493,
      15,
      0,
      3
    ],
    [
      14,
      0,
      13,
      30,
      139,
      16,
      2
    ],
    [
      2,
      0,
      0,
      0,
      7,
      19,
      1
    ],
    [
      2,
      0,
      6,
      1,
      3,
      1,
      32
    ]
  ],
  "labels": [
    0,
    1,
    2,
    3,
    4,
    5,
    6
  ]
}