{
  "macro_f1": 0.7705839629968592,
  "report": {
    "0": {
      "precision": 0.8229508196721311,
      "recall": 0.8229508196721311,
      "f1-score": 0.8229508196721311,
      "support": 610.0
    },
    "1": {
      "precision": 0.9172320217096337,
      "recall": 0.9754689754689755,
      "f1-score": 0.9454545454545454,
      "support": 693.0
    },
    "2": {
      "precision": 0.9826593213972705,
      "recall": 0.9830285571142284,
      "f1-score": 0.9828439045770458,
      "support": 15968.0
    },
    "3": {
      "precision": 0.6542635658914728,
      "recall": 0.5918653576437588,
      "f1-score": 0.6215022091310751,
      "support": 713.0
    },
    "4": {
      "precision": 0.664,
      "recall": 0.7757009345794392,
      "f1-score": 0.7155172413793104,
      "support": 214.0
    },
    "5": {
      "precision": 0.6666666666666666,
      "recall": 0.41379310344827586,
      "f1-score": 0.5106382978723404,
      "support": 29.0
    },
    "6": {
      "precision": 0.868421052631579,
      "recall": 0.7333333333333333,
      "f1-score": 0.7951807228915663,
      "support": 45.0
    },
    "accuracy": 0.9581873905429071,
    "macro avg": {
      "precision": 0.7965990639955363,
      "recall": 0.7565915830371633,
      "f1-score": 0.7705839629968592,
      "support": 18272.0
    },
    "weighted avg": {
      "precision": 0.9575166395741443,
      "recall": 0.9581873905429071,
      "f1-score": 0.9576452975164358,
      "support": 18272.0
    }
  },
  "confusion_matrix": [
    [
      502,
      2,
      54,
      40,
      12,
      0,
      0
    ],
    [
      1,
      676,
      16,
      0,
      0,
      0,
      0
    ],
    [
      25,
      59,
      15697,
      164,
      22,
      0,
      1
    ],
    [
      72,
      0,
      187,
      422,
      30,
      0,
      2
    ],
    [
      7,
      0,
      15,
      19,
      166,
      6,
      1
    ],
    [
      1,
      0,
      1,
      0,
      14,
      12,
      1
    ],
    [
      2,
      0,
      4,
      0,
      6,
      0,
      33
    ]
  ],
  "labels": [
    0,
    1,
    2,
    3,
    4,
    5,
    6
  ]
}