{
  "macro_f1": 0.7551652368321967,
  "report": {
    "0": {
      "precision": 0.7661406025824964,
      "recall": 0.8754098360655738,
      "f1-score": 0.8171384850803366,
      "support": 610.0
    },
    "1": {
      "precision": 0.8782051282051282,
      "recall": 0.9884559884559885,
      "f1-score": 0.9300746775288526,
      "support": 693.0
    },
    "2": {
      "precision": 0.9916312604609244,
      "recall": 0.9646793587174348,
      "f1-score": 0.9779696527204622,
      "support": 15968.0
    },
    "3": {
      "precision": 0.533470648815654,
      "recall": 0.726507713884993,
      "f1-score": 0.6152019002375297,
      "support": 713.0
    },
    "4": {
      "precision": 0.7014925373134329,
      "recall": 0.6588785046728972,
      "f1-score": 0.6795180722891566,
      "support": 214.0
    },
    "5": {
      "precision": 0.46153846153846156,
      "recall": 0.6206896551724138,
      "f1-score": 0.5294117647058824,
      "support": 29.0
    },
    "6": {
      "precision": 0.7,
      "recall": 0.7777777777777778,
      "f1-score": 0.7368421052631579,
      "support": 45.0
    },
    "accuracy": 0.9487193520140105,
    "macro avg": {
      "precision": 0.7189255198451567,
      "recall": 0.8017712621067254,
      "f1-score": 0.7551652368321967,
      "support": 18272.0
    },
    "weighted avg": {
      "precision": 0.956965766168825,
      "recall": 0.9487193520140105,
      "f1-score": 0.9518269647722961,
      "support": 18272.0
    }
  },
  "confusion_matrix": [
    [
      534,
      3,
      27,
      38,
      8,
      0,
      0
    ],
    [
      1,
      685,
      7,
      0,
      0,
      0,
      0
    ],
    [
      61,
      89,
      15404,
      385,
      19,
      1,
      9
    ],
    [
      85,
      2,
      84,
      518,
      21,
      0,
      3
    ],
    [
      13,
      0,
      11,
      28,
      141,
      19,
      2
    ],
    [
      1,
      0,
      0,
      0,
      9,
      18,
      1
    ],
    [
      2,
      1,
      1,
      2,
      3,
      1,
      35
    ]
  ],
  "labels": [
    0,
    1,
    2,
    3,
    4,
    5,
    6
  ]
}