{
  "macro_f1": 0.7695367673777606,
  "report": {
    "0": {
      "precision": 0.8205546492659054,
      "recall": 0.8245901639344262,
      "f1-score": 0.8225674570727719,
      "support": 610.0
    },
    "1": {
      "precision": 0.9172320217096337,
      "recall": 0.9754689754689755,
      "f1-score": 0.9454545454545454,
      "support": 693.0
    },
    "2": {
      "precision": 0.9822233350025038,
      "recall": 0.9827154308617234,
      "f1-score": 0.9824693213122965,
      "support": 15968.0
    },
    "3": {
      "precision": 0.65,
      "recall": 0.5834502103786816,
      "f1-score": 0.614929785661493,
      "support": 713.0
    },
    "4": {
      "precision": 0.664,
      "recall": 0.7757009345794392,
      "f1-score": 0.7155172413793104,
      "support": 214.0
    },
    "5": {
      "precision": 0.6666666666666666,
      "recall": 0.41379310344827586,
      "f1-score": 0.5106382978723404,
      "support": 29.0
    },
    "6": {
      "precision": 0.868421052631579,
      "recall": 0.7333333333333333,
      "f1-score": 0.7951807228915663,
      "support": 45.0
    },
    "accuracy": 0.9576401050788091,
    "macro avg": {
      "precision": 0.795585389325184,
      "recall": 0.7555788788578365,
      "f1-score": 0.7695367673777606,
      "support": 18272.0
    },
    "weighted avg": {
      "precision": 0.9568892634149908,
      "recall": 0.9576401050788091,
      "f1-score": 0.957048683314874,
      "support": 18272.0
    }
  },
  "confusion_matrix": [
    [
      503,
      2,
      56,
      37,
      12,
      0,
      0
    ],
    [
      1,
      676,
      16,
      0,
      0,
      0,
      0
    ],
    [
      26,
      59,
      15692,
      168,
      22,
      0,
      1
    ],
    [
      73,
      0,
      192,
      416,
      30,
      0,
      2
    ],
    [
      7,
      0,
      15,
      19,
      166,
      6,
      1
    ],
    [
      1,
      0,
      1,
      0,
      14,
      12,
      1
    ],
    [
      2,
      0,
      4,
      0,
      6,
      0,
      33
    ]
  ],
  "labels": [
    0,
    1,
    2,
    3,
    4,
    5,
    6
  ]
}