{
  "macro_f1": 0.7233156530581588,
  "report": {
    "0": {
      "precision": 0.7882534775888718,
      "recall": 0.8360655737704918,
      "f1-score": 0.8114558472553699,
      "support": 610.0
    },
    "1": {
      "precision": 0.8985313751668892,
      "recall": 0.9711399711399712,
      "f1-score": 0.9334257975034674,
      "support": 693.0
    },
    "2": {
      "precision": 0.9885483974153925,
      "recall": 0.967685370741483,
      "f1-score": 0.9780056330896547,
      "support": 15968.0
    },
    "3": {
      "precision": 0.520042194092827,
      "recall": 0.6914446002805049,
      "f1-score": 0.5936183022275737,
      "support": 713.0
    },
    "4": {
      "precision": 0.6218487394957983,
      "recall": 0.6915887850467289,
      "f1-score": 0.6548672566371682,
      "support": 214.0
    },
    "5": {
      "precision": 0.55,
      "recall": 0.3793103448275862,
      "f1-score": 0.4489795918367347,
      "support": 29.0
    },
    "6": {
      "precision": 0.6923076923076923,
      "recall": 0.6,
      "f1-score": 0.6428571428571429,
      "support": 45.0
    },
    "accuracy": 0.9475700525394045,
    "macro avg": {
      "precision": 0.7227902680096389,
      "recall": 0.733890663686681,
      "f1-score": 0.7233156530581588,
      "support": 18272.0
    },
    "weighted avg": {
      "precision": 0.9544454485027906,
      "recall": 0.9475700525394045,
      "f1-score": 0.9503057418822096,
      "support": 18272.0
    }
  },
  "confusion_matrix": [
    [
      510,
      2,
      25,
      55,
      18,
      0,
      0
    ],
    [
      1,
      673,
      19,
      0,
      0,
      0,
      0
    ],
    [
      46,
      72,
      15452,
      366,
      26,
      0,
      6
    ],
    [
      78,
      2,
      116,
      493,
      22,
      0,
      2
    ],
    [
      10,
      0,
      13,
      32,
      148,
      8,
      3
    ],
    [
      1,
      0,
      0,
      1,
      15,
      11,
      1
    ],
    [
      1,
      0,
      6,
      1,
      9,
      1,
      27
    ]
  ]
}