{
  "macro_f1": 0.7415019556249566,
  "report": {
    "0": {
      "precision": 0.7857142857142857,
      "recall": 0.8475409836065574,
      "f1-score": 0.8154574132492114,
      "support": 610.0
    },
    "1": {
      "precision": 0.9045698924731183,
      "recall": 0.9711399711399712,
      "f1-score": 0.9366736256089074,
      "support": 693.0
    },
    "2": {
      "precision": 0.9857522796352584,
      "recall": 0.9748872745490982,
      "f1-score": 0.9802896725440806,
      "support": 15968.0
    },
    "3": {
      "precision": 0.5825864276568502,
      "recall": 0.638148667601683,
      "f1-score": 0.6091030789825971,
      "support": 713.0
    },
    "4": {
      "precision": 0.6415929203539823,
      "recall": 0.677570093457944,
      "f1-score": 0.6590909090909091,
      "support": 214.0
    },
    "5": {
      "precision": 0.5769230769230769,
      "recall": 0.5172413793103449,
      "f1-score": 0.5454545454545454,
      "support": 29.0
    },
    "6": {
      "precision": 0.6444444444444445,
      "recall": 0.6444444444444445,
      "f1-score": 0.6444444444444445,
      "support": 45.0
    },
    "accuracy": 0.9523314360770578,
    "macro avg": {
      "precision": 0.7316547610287166,
      "recall": 0.7529961163014348,
      "f1-score": 0.7415019556249566,
      "support": 18272.0
    },
    "weighted avg": {
      "precision": 0.9547428211521043,
      "recall": 0.9523314360770578,
      "f1-score": 0.9533692790877353,
      "support": 18272.0
    }
  },
  "confusion_matrix": [
    [
      517,
      2,
      34,
      39,
      18,
      0,
      0
    ],
    [
      1,
      673,
      19,
      0,
      0,
      0,
      0
    ],
    [
      45,
      69,
      15567,
      256,
      22,
      0,
      9
    ],
    [
      83,
      0,
      150,
      455,
      23,
      0,
      2
    ],
    [
      10,
      0,
      16,
      29,
      145,
      10,
      4
    ],
    [
      1,
      0,
      0,
      1,
      11,
      15,
      1
    ],
    [
      1,
      0,
      6,
      1,
      7,
      1,
      29
    ]
  ]
}