{
  "macro_f1": 0.7719581952979603,
  "report": {
    "0": {
      "precision": 0.7538461538461538,
      "recall": 0.8836065573770492,
      "f1-score": 0.8135849056603773,
      "support": 610.0
    },
    "1": {
      "precision": 0.8812903225806452,
      "recall": 0.9855699855699855,
      "f1-score": 0.9305177111716622,
      "support": 693.0
    },
    "2": {
      "precision": 0.9881035689293212,
      "recall": 0.9726953907815631,
      "f1-score": 0.9803389402594124,
      "support": 15968.0
    },
    "3": {
      "precision": 0.5799256505576208,
      "recall": 0.6563814866760168,
      "f1-score": 0.6157894736842106,
      "support": 713.0
    },
    "4": {
      "precision": 0.7752808988764045,
      "recall": 0.6448598130841121,
      "f1-score": 0.7040816326530612,
      "support": 214.0
    },
    "5": {
      "precision": 0.5625,
      "recall": 0.6206896551724138,
      "f1-score": 0.5901639344262295,
      "support": 29.0
    },
    "6": {
      "precision": 0.7608695652173914,
      "recall": 0.7777777777777778,
      "f1-score": 0.7692307692307693,
      "support": 45.0
    },
    "accuracy": 0.9529881786339754,
    "macro avg": {
      "precision": 0.7574023085725053,
      "recall": 0.7916543809198454,
      "f1-score": 0.7719581952979603,
      "support": 18272.0
    },
    "weighted avg": {
      "precision": 0.9565765579958329,
      "recall": 0.9529881786339754,
      "f1-score": 0.9542824686512384,
      "support": 18272.0
    }
  },
  "confusion_matrix": [
    [
      539,
      3,
      33,
      29,
      6,
      0,
      0
    ],
    [
      1,
      683,
      9,
      0,
      0,
      0,
      0
    ],
    [
      56,
      86,
      15532,
      282,
      8,
      0,
      4
    ],
    [
      95,
      2,
      130,
      468,
      15,
      0,
      3
    ],
    [
      20,
      0,
      12,
      27,
      138,
      14,
      3
    ],
    [
      2,
      0,
      0,
      0,
      8,
      18,
      1
    ],
    [
      2,
      1,
      3,
      1,
      3,
      0,
      35
    ]
  ],
  "labels": [
    0,
    1,
    2,
    3,
    4,
    5,
    6
  ]
}