{
  "macro_f1": 0.7566332372734083,
  "report": {
    "0": {
      "precision": 0.7620396600566572,
      "recall": 0.8819672131147541,
      "f1-score": 0.817629179331307,
      "support": 610.0
    },
    "1": {
      "precision": 0.8713375796178344,
      "recall": 0.987012987012987,
      "f1-score": 0.925575101488498,
      "support": 693.0
    },
    "2": {
      "precision": 0.991692426584235,
      "recall": 0.9643662324649298,
      "f1-score": 0.9778384556769113,
      "support": 15968.0
    },
    "3": {
      "precision": 0.5288659793814433,
      "recall": 0.7194950911640954,
      "f1-score": 0.6096256684491979,
      "support": 713.0
    },
    "4": {
      "precision": 0.7171717171717171,
      "recall": 0.6635514018691588,
      "f1-score": 0.6893203883495146,
      "support": 214.0
    },
    "5": {
      "precision": 0.47368421052631576,
      "recall": 0.6206896551724138,
      "f1-score": 0.5373134328358209,
      "support": 29.0
    },
    "6": {
      "precision": 0.723404255319149,
      "recall": 0.7555555555555555,
      "f1-score": 0.7391304347826086,
      "support": 45.0
    },
    "accuracy": 0.9483362521891419,
    "macro avg": {
      "precision": 0.7240279755224789,
      "recall": 0.7989483051934135,
      "f1-score": 0.7566332372734083,
      "support": 18272.0
    },
    "weighted avg": {
      "precision": 0.9567027160341028,
      "recall": 0.9483362521891419,
      "f1-score": 0.9514734253941044,
      "support": 18272.0
    }
  },
  "confusion_matrix": [
    [
      538,
      3,
      24,
      37,
      8,
      0,
      0
    ],
    [
      1,
      684,
      8,
      0,
      0,
      0,
      0
    ],
    [
      59,
      94,
      15399,
      390,
      17,
      2,
      7
    ],
    [
      89,
      3,
      85,
      513,
      20,
      0,
      3
    ],
    [
      15,
      0,
      10,
      28,
      142,
      17,
      2
    ],
    [
      2,
      0,
      0,
      0,
      8,
      18,
      1
    ],
    [
      2,
      1,
      2,
      2,
      3,
      1,
      34
    ]
  ],
  "labels": [
    0,
    1,
    2,
    3,
    4,
    5,
    6
  ]
}