{
  "macro_f1": 0.7472054982346101,
  "report": {
    "0": {
      "precision": 0.7478386167146974,
      "recall": 0.8508196721311475,
      "f1-score": 0.7960122699386503,
      "support": 610.0
    },
    "1": {
      "precision": 0.8777348777348777,
      "recall": 0.9841269841269841,
      "f1-score": 0.927891156462585,
      "support": 693.0
    },
    "2": {
      "precision": 0.9866028708133971,
      "recall": 0.968499498997996,
      "f1-score": 0.9774673703504725,
      "support": 15968.0
    },
    "3": {
      "precision": 0.5368171021377672,
      "recall": 0.6339410939691444,
      "f1-score": 0.5813504823151125,
      "support": 713.0
    },
    "4": {
      "precision": 0.6565656565656566,
      "recall": 0.6074766355140186,
      "f1-score": 0.6310679611650486,
      "support": 214.0
    },
    "5": {
      "precision": 0.5454545454545454,
      "recall": 0.6206896551724138,
      "f1-score": 0.5806451612903226,
      "support": 29.0
    },
    "6": {
      "precision": 0.6792452830188679,
      "recall": 0.8,
      "f1-score": 0.7346938775510204,
      "support": 45.0
    },
    "accuracy": 0.9469133099824869,
    "macro avg": {
      "precision": 0.7186084217771157,
      "recall": 0.7807933628445293,
      "f1-score": 0.7470183255818874,
      "support": 18272.0
    },
    "weighted avg": {
      "precision": 0.9516290680548308,
      "recall": 0.9469133099824869,
      "f1-score": 0.9487875655426175,
      "support": 18272.0
    }
  },
  "confusion_matrix": [
    [
      519,
      3,
      36,
      40,
      11,
      0,
      1
    ],
    [
      1,
      682,
      10,
      0,
      0,
      0,
      0
    ],
    [
      66,
      88,
      15465,
      320,
      20,
      1,
      8
    ],
    [
      89,
      3,
      142,
      452,
      25,
      0,
      2
    ],
    [
      16,
      0,
      20,
      30,
      130,
      13,
      5
    ],
    [
      1,
      0,
      0,
      0,
      9,
      18,
      1
    ],
    [
      2,
      1,
      2,
      0,
      3,
      1,
      36
    ]
  ],
  "labels": [
    0,
    1,
    2,
    3,
    4,
    5,
    6
  ]
}