{
  "macro_f1": 0.7370846425316199,
  "report": {
    "0": {
      "precision": 0.7421203438395415,
      "recall": 0.8491803278688524,
      "f1-score": 0.7920489296636085,
      "support": 610.0
    },
    "1": {
      "precision": 0.8754813863928113,
      "recall": 0.9841269841269841,
      "f1-score": 0.9266304347826086,
      "support": 693.0
    },
    "2": {
      "precision": 0.9887070901507861,
      "recall": 0.9649924849699398,
      "f1-score": 0.9767058599816182,
      "support": 15968.0
    },
    "3": {
      "precision": 0.5203520352035204,
      "recall": 0.6633941093969145,
      "f1-score": 0.5832305795314426,
      "support": 713.0
    },
    "4": {
      "precision": 0.6226415094339622,
      "recall": 0.616822429906542,
      "f1-score": 0.6197183098591549,
      "support": 214.0
    },
    "5": {
      "precision": 0.5151515151515151,
      "recall": 0.5862068965517241,
      "f1-score": 0.5483870967741935,
      "support": 29.0
    },
    "6": {
      "precision": 0.6428571428571429,
      "recall": 0.8,
      "f1-score": 0.7128712871287128,
      "support": 45.0
    },
    "accuracy": 0.9449978108581436,
    "macro avg": {
      "precision": 0.7010444318613258,
      "recall": 0.780674747545851,
      "f1-score": 0.7370846425316199,
      "support": 18272.0
    },
    "weighted avg": {
      "precision": 0.952014069369912,
      "recall": 0.9449978108581436,
      "f1-score": 0.9477774444958764,
      "support": 18272.0
    }
  },
  "confusion_matrix": [
    [
      518,
      3,
      31,
      44,
      13,
      0,
      1
    ],
    [
      1,
      682,
      10,
      0,
      0,
      0,
      0
    ],
    [
      71,
      90,
      15409,
      361,
      25,
      1,
      11
    ],
    [
      89,
      3,
      116,
      473,
      29,
      1,
      2
    ],
    [
      16,
      0,
      17,
      31,
      132,
      13,
      5
    ],
    [
      1,
      0,
      0,
      0,
      10,
      17,
      1
    ],
    [
      2,
      1,
      2,
      0,
      3,
      1,
      36
    ]
  ],
  "labels": [
    0,
    1,
    2,
    3,
    4,
    5,
    6
  ]
}