{
  "macro_f1": 0.7705588464702392,
  "report": {
    "0": {
      "precision": 0.7503467406380028,
      "recall": 0.8868852459016393,
      "f1-score": 0.8129226145755072,
      "support": 610.0
    },
    "1": {
      "precision": 0.9077540106951871,
      "recall": 0.9797979797979798,
      "f1-score": 0.9424011103400416,
      "support": 693.0
    },
    "2": {
      "precision": 0.9886818846569594,
      "recall": 0.9737600200400801,
      "f1-score": 0.9811642214860388,
      "support": 15968.0
    },
    "3": {
      "precision": 0.6084099868593955,
      "recall": 0.6493688639551192,
      "f1-score": 0.6282225237449118,
      "support": 713.0
    },
    "4": {
      "precision": 0.6533864541832669,
      "recall": 0.7663551401869159,
      "f1-score": 0.7053763440860215,
      "support": 214.0
    },
    "5": {
      "precision": 0.6666666666666666,
      "recall": 0.41379310344827586,
      "f1-score": 0.5106382978723404,
      "support": 29.0
    },
    "6": {
      "precision": 0.8043478260869565,
      "recall": 0.8222222222222222,
      "f1-score": 0.8131868131868132,
      "support": 45.0
    },
    "accuracy": 0.9547394921190894,
    "macro avg": {
      "precision": 0.7685133671123479,
      "recall": 0.7845975107931761,
      "f1-score": 0.7705588464702392,
      "support": 18272.0
    },
    "weighted avg": {
      "precision": 0.9579250975665766,
      "recall": 0.9547394921190894,
      "f1-score": 0.9559146326259856,
      "support": 18272.0
    }
  },
  "confusion_matrix": [
    [
      541,
      2,
      26,
      29,
      12,
      0,
      0
    ],
    [
      1,
      679,
      13,
      0,
      0,
      0,
      0
    ],
    [
      72,
      67,
      15549,
      250,
      25,
      0,
      5
    ],
    [
      91,
      0,
      127,
      463,
      30,
      0,
      2
    ],
    [
      13,
      0,
      11,
      19,
      164,
      6,
      1
    ],
    [
      1,
      0,
      0,
      0,
      15,
      12,
      1
    ],
    [
      2,
      0,
      1,
      0,
      5,
      0,
      37
    ]
  ],
  "labels": [
    0,
    1,
    2,
    3,
    4,
    5,
    6
  ]
}