{
  "macro_f1": 0.75654728845047,
  "report": {
    "0": {
      "precision": 0.7926267281105991,
      "recall": 0.8459016393442623,
      "f1-score": 0.8183980967486122,
      "support": 610.0
    },
    "1": {
      "precision": 0.8837209302325582,
      "recall": 0.987012987012987,
      "f1-score": 0.9325153374233128,
      "support": 693.0
    },
    "2": {
      "precision": 0.9891685250079644,
      "recall": 0.9722570140280561,
      "f1-score": 0.9806398635631495,
      "support": 15968.0
    },
    "3": {
      "precision": 0.5775462962962963,
      "recall": 0.699859747545582,
      "f1-score": 0.6328471781864299,
      "support": 713.0
    },
    "4": {
      "precision": 0.7,
      "recall": 0.6542056074766355,
      "f1-score": 0.6763285024154589,
      "support": 214.0
    },
    "5": {
      "precision": 0.45714285714285713,
      "recall": 0.5517241379310345,
      "f1-score": 0.5,
      "support": 29.0
    },
    "6": {
      "precision": 0.6981132075471698,
      "recall": 0.8222222222222222,
      "f1-score": 0.7551020408163265,
      "support": 45.0
    },
    "accuracy": 0.9532070928196147,
    "macro avg": {
      "precision": 0.7283312206196351,
      "recall": 0.7904547650801114,
      "f1-score": 0.75654728845047,
      "support": 18272.0
    },
    "weighted avg": {
      "precision": 0.9575977814460281,
      "recall": 0.9532070928196147,
      "f1-score": 0.9549445730422478,
      "support": 18272.0
    }
  },
  "confusion_matrix": [
    [
      516,
      3,
      34,
      46,
      9,
      0,
      2
    ],
    [
      1,
      684,
      8,
      0,
      0,
      0,
      0
    ],
    [
      47,
      85,
      15525,
      286,
      15,
      1,
      9
    ],
    [
      74,
      1,
      115,
      499,
      22,
      0,
      2
    ],
    [
      10,
      0,
      12,
      32,
      140,
      18,
      2
    ],
    [
      1,
      0,
      0,
      0,
      11,
      16,
      1
    ],
    [
      2,
      1,
      1,
      1,
      3,
      0,
      37
    ]
  ],
  "labels": [
    0,
    1,
    2,
    3,
    4,
    5,
    6
  ]
}