{
  "macro_f1": 0.7696255533578329,
  "report": {
    "0": {
      "precision": 0.7923076923076923,
      "recall": 0.8442622950819673,
      "f1-score": 0.8174603174603174,
      "support": 610.0
    },
    "1": {
      "precision": 0.9076305220883534,
      "recall": 0.9783549783549783,
      "f1-score": 0.9416666666666667,
      "support": 693.0
    },
    "2": {
      "precision": 0.9881201956673655,
      "recall": 0.9740731462925851,
      "f1-score": 0.981046390614652,
      "support": 15968.0
    },
    "3": {
      "precision": 0.5804195804195804,
      "recall": 0.6984572230014026,
      "f1-score": 0.633991088478676,
      "support": 713.0
    },
    "4": {
      "precision": 0.704225352112676,
      "recall": 0.7009345794392523,
      "f1-score": 0.702576112412178,
      "support": 214.0
    },
    "5": {
      "precision": 0.6666666666666666,
      "recall": 0.41379310344827586,
      "f1-score": 0.5106382978723404,
      "support": 29.0
    },
    "6": {
      "precision": 0.8,
      "recall": 0.8,
      "f1-score": 0.8,
      "support": 45.0
    },
    "accuracy": 0.9546300350262698,
    "macro avg": {
      "precision": 0.7770528584660478,
      "recall": 0.7728393322312088,
      "f1-score": 0.7696255533578329,
      "support": 18272.0
    },
    "weighted avg": {
      "precision": 0.9583228791624354,
      "recall": 0.9546300350262698,
      "f1-score": 0.9560951184197327,
      "support": 18272.0
    }
  },
  "confusion_matrix": [
    [
      515,
      3,
      38,
      45,
      9,
      0,
      0
    ],
    [
      1,
      678,
      14,
      0,
      0,
      0,
      0
    ],
    [
      46,
      66,
      15554,
      282,
      15,
      0,
      5
    ],
    [
      73,
      0,
      119,
      498,
      21,
      0,
      2
    ],
    [
      12,
      0,
      13,
      32,
      150,
      6,
      1
    ],
    [
      1,
      0,
      1,
      0,
      14,
      12,
      1
    ],
    [
      2,
      0,
      2,
      1,
      4,
      0,
      36
    ]
  ],
  "labels": [
    0,
    1,
    2,
    3,
    4,
    5,
    6
  ]
}