{
  "macro_f1": 0.7527674293678073,
  "report": {
    "0": {
      "precision": 0.7365439093484419,
      "recall": 0.8524590163934426,
      "f1-score": 0.790273556231003,
      "support": 610.0
    },
    "1": {
      "precision": 0.8945981554677207,
      "recall": 0.9797979797979798,
      "f1-score": 0.9352617079889807,
      "support": 693.0
    },
    "2": {
      "precision": 0.9927414128321451,
      "recall": 0.9592935871743486,
      "f1-score": 0.9757309382763233,
      "support": 15968.0
    },
    "3": {
      "precision": 0.48066298342541436,
      "recall": 0.7321178120617111,
      "f1-score": 0.5803224013340745,
      "support": 713.0
    },
    "4": {
      "precision": 0.6854460093896714,
      "recall": 0.6822429906542056,
      "f1-score": 0.6838407494145199,
      "support": 214.0
    },
    "5": {
      "precision": 0.5151515151515151,
      "recall": 0.5862068965517241,
      "f1-score": 0.5483870967741935,
      "support": 29.0
    },
    "6": {
      "precision": 0.7555555555555555,
      "recall": 0.7555555555555555,
      "f1-score": 0.7555555555555555,
      "support": 45.0
    },
    "accuracy": 0.9433012259194395,
    "macro avg": {
      "precision": 0.7229570773100663,
      "recall": 0.7925248340269953,
      "f1-score": 0.7527674293678073,
      "support": 18272.0
    },
    "weighted avg": {
      "precision": 0.9555429473334324,
      "recall": 0.9433012259194395,
      "f1-score": 0.9479361796008077,
      "support": 18272.0
    }
  },
  "confusion_matrix": [
    [
      520,
      2,
      19,
      53,
      16,
      0,
      0
    ],
    [
      1,
      679,
      13,
      0,
      0,
      0,
      0
    ],
    [
      70,
      77,
      15318,
      479,
      16,
      1,
      7
    ],
    [
      94,
      1,
      72,
      522,
      22,
      0,
      2
    ],
    [
      17,
      0,
      7,
      30,
      146,
      12,
      2
    ],
    [
      1,
      0,
      0,
      1,
      10,
      17,
      0
    ],
    [
      3,
      0,
      1,
      1,
      3,
      3,
      34
    ]
  ]
}