{
  "macro_f1": 0.7569840662408064,
  "report": {
    "0": {
      "precision": 0.7610619469026548,
      "recall": 0.8459016393442623,
      "f1-score": 0.8012422360248447,
      "support": 610.0
    },
    "1": {
      "precision": 0.8992042440318302,
      "recall": 0.9783549783549783,
      "f1-score": 0.9371112646855563,
      "support": 693.0
    },
    "2": {
      "precision": 0.9908628788366257,
      "recall": 0.9643662324649298,
      "f1-score": 0.9774350185661239,
      "support": 15968.0
    },
    "3": {
      "precision": 0.5050100200400801,
      "recall": 0.7068723702664796,
      "f1-score": 0.5891291642314436,
      "support": 713.0
    },
    "4": {
      "precision": 0.6742081447963801,
      "recall": 0.6962616822429907,
      "f1-score": 0.6850574712643678,
      "support": 214.0
    },
    "5": {
      "precision": 0.5,
      "recall": 0.5862068965517241,
      "f1-score": 0.5396825396825397,
      "support": 29.0
    },
    "6": {
      "precision": 0.7608695652173914,
      "recall": 0.7777777777777778,
      "f1-score": 0.7692307692307693,
      "support": 45.0
    },
    "accuracy": 0.9466943957968477,
    "macro avg": {
      "precision": 0.7273166856892804,
      "recall": 0.793677368143306,
      "f1-score": 0.7569840662408064,
      "support": 18272.0
    },
    "weighted avg": {
      "precision": 0.9557019809379216,
      "recall": 0.9466943957968477,
      "f1-score": 0.9502394821628658,
      "support": 18272.0
    }
  },
  "confusion_matrix": [
    [
      516,
      2,
      24,
      50,
      18,
      0,
      0
    ],
    [
      1,
      678,
      14,
      0,
      0,
      0,
      0
    ],
    [
      56,
      73,
      15399,
      415,
      17,
      1,
      7
    ],
    [
      88,
      1,
      94,
      504,
      24,
      0,
      2
    ],
    [
      13,
      0,
      9,
      28,
      149,
      13,
      2
    ],
    [
      1,
      0,
      0,
      1,
      10,
      17,
      0
    ],
    [
      3,
      0,
      1,
      0,
      3,
      3,
      35
    ]
  ]
}