{
  "macro_f1": 0.7367352266877968,
  "report": {
    "0": {
      "precision": 0.7633587786259542,
      "recall": 0.819672131147541,
      "f1-score": 0.7905138339920948,
      "support": 610.0
    },
    "1": {
      "precision": 0.8697318007662835,
      "recall": 0.9826839826839827,
      "f1-score": 0.9227642276422764,
      "support": 693.0
    },
    "2": {
      "precision": 0.9888745980707395,
      "recall": 0.9629884769539078,
      "f1-score": 0.9757598832413225,
      "support": 15968.0
    },
    "3": {
      "precision": 0.48946840521564694,
      "recall": 0.6844319775596073,
      "f1-score": 0.5707602339181287,
      "support": 713.0
    },
    "4": {
      "precision": 0.6699029126213593,
      "recall": 0.6448598130841121,
      "f1-score": 0.6571428571428571,
      "support": 214.0
    },
    "5": {
      "precision": 0.4473684210526316,
      "recall": 0.5862068965517241,
      "f1-score": 0.5074626865671642,
      "support": 29.0
    },
    "6": {
      "precision": 0.7441860465116279,
      "recall": 0.7111111111111111,
      "f1-score": 0.7272727272727273,
      "support": 45.0
    },
    "accuracy": 0.9431370402802102,
    "macro avg": {
      "precision": 0.7104129946948918,
      "recall": 0.7702791984417123,
      "f1-score": 0.7359537785395102,
      "support": 18272.0
    },
    "weighted avg": {
      "precision": 0.9521417922181322,
      "recall": 0.9431370402802102,
      "f1-score": 0.9466750860846449,
      "support": 18272.0
    }
  },
  "confusion_matrix": [
    [
      500,
      2,
      38,
      58,
      12,
      0,
      0
    ],
    [
      1,
      681,
      11,
      0,
      0,
      0,
      0
    ],
    [
      54,
      96,
      15377,
      414,
      19,
      1,
      7
    ],
    [
      86,
      3,
      112,
      488,
      22,
      0,
      2
    ],
    [
      11,
      0,
      10,
      35,
      138,
      18,
      2
    ],
    [
      2,
      0,
      1,
      0,
      9,
      17,
      0
    ],
    [
      1,
      1,
      1,
      2,
      6,
      2,
      32
    ]
  ],
  "labels": [
    0,
    1,
    2,
    3,
    4,
    5,
    6
  ]
}