{
  "macro_f1": 0.7293942122851863,
  "report": {
    "0": {
      "precision": 0.7121621621621622,
      "recall": 0.8639344262295082,
      "f1-score": 0.7807407407407407,
      "support": 610.0
    },
    "1": {
      "precision": 0.8528678304239401,
      "recall": 0.987012987012987,
      "f1-score": 0.9150501672240803,
      "support": 693.0
    },
    "2": {
      "precision": 0.9914341336794289,
      "recall": 0.9567885771543087,
      "f1-score": 0.9738033016763338,
      "support": 15968.0
    },
    "3": {
      "precision": 0.47317073170731705,
      "recall": 0.6802244039270687,
      "f1-score": 0.5581127733026467,
      "support": 713.0
    },
    "4": {
      "precision": 0.6467889908256881,
      "recall": 0.6588785046728972,
      "f1-score": 0.6527777777777778,
      "support": 214.0
    },
    "5": {
      "precision": 0.4838709677419355,
      "recall": 0.5172413793103449,
      "f1-score": 0.5,
      "support": 29.0
    },
    "6": {
      "precision": 0.717391304347826,
      "recall": 0.7333333333333333,
      "f1-score": 0.7252747252747253,
      "support": 45.0
    },
    "accuracy": 0.9393060420315237,
    "macro avg": {
      "precision": 0.6968123029840425,
      "recall": 0.7710590873772069,
      "f1-score": 0.7293942122851863,
      "support": 18272.0
    },
    "weighted avg": {
      "precision": 0.9511150949266645,
      "recall": 0.9393060420315237,
      "f1-score": 0.9437849689882024,
      "support": 18272.0
    }
  },
  "confusion_matrix": [
    [
      527,
      3,
      23,
      46,
      11,
      0,
      0
    ],
    [
      1,
      684,
      8,
      0,
      0,
      0,
      0
    ],
    [
      84,
      110,
      15278,
      464,
      23,
      1,
      8
    ],
    [
      104,
      4,
      92,
      485,
      26,
      0,
      2
    ],
    [
      20,
      0,
      9,
      28,
      141,
      14,
      2
    ],
    [
      3,
      0,
      0,
      0,
      10,
      15,
      1
    ],
    [
      1,
      1,
      0,
      2,
      7,
      1,
      33
    ]
  ],
  "labels": [
    0,
    1,
    2,
    3,
    4,
    5,
    6
  ]
}