{
  "macro_f1": 0.7758065494770061,
  "report": {
    "0": {
      "precision": 0.7706552706552706,
      "recall": 0.8868852459016393,
      "f1-score": 0.8246951219512195,
      "support": 610.0
    },
    "1": {
      "precision": 0.9050802139037433,
      "recall": 0.976911976911977,
      "f1-score": 0.9396252602359473,
      "support": 693.0
    },
    "2": {
      "precision": 0.9895541401273885,
      "recall": 0.9729458917835672,
      "f1-score": 0.9811797398004295,
      "support": 15968.0
    },
    "3": {
      "precision": 0.5777262180974478,
      "recall": 0.6984572230014026,
      "f1-score": 0.6323809523809524,
      "support": 713.0
    },
    "4": {
      "precision": 0.71875,
      "recall": 0.6448598130841121,
      "f1-score": 0.6798029556650246,
      "support": 214.0
    },
    "5": {
      "precision": 0.6071428571428571,
      "recall": 0.5862068965517241,
      "f1-score": 0.5964912280701754,
      "support": 29.0
    },
    "6": {
      "precision": 0.825,
      "recall": 0.7333333333333333,
      "f1-score": 0.7764705882352941,
      "support": 45.0
    },
    "accuracy": 0.9544658493870403,
    "macro avg": {
      "precision": 0.7705583857038153,
      "recall": 0.7856571972239651,
      "f1-score": 0.7758065494770061,
      "support": 18272.0
    },
    "weighted avg": {
      "precision": 0.9587885425377499,
      "recall": 0.9544658493870403,
      "f1-score": 0.9561245232329011,
      "support": 18272.0
    }
  },
  "confusion_matrix": [
    [
      541,
      2,
      26,
      33,
      8,
      0,
      0
    ],
    [
      1,
      677,
      15,
      0,
      0,
      0,
      0
    ],
    [
      47,
      69,
      15536,
      299,
      15,
      0,
      2
    ],
    [
      91,
      0,
      103,
      498,
      19,
      0,
      2
    ],
    [
      17,
      0,
      14,
      32,
      138,
      11,
      2
    ],
    [
      3,
      0,
      0,
      0,
      8,
      17,
      1
    ],
    [
      2,
      0,
      6,
      0,
      4,
      0,
      33
    ]
  ]
}