{
  "macro_f1": 0.7609238815929621,
  "report": {
    "0": {
      "precision": 0.790273556231003,
      "recall": 0.8524590163934426,
      "f1-score": 0.8201892744479495,
      "support": 610.0
    },
    "1": {
      "precision": 0.8893229166666666,
      "recall": 0.9855699855699855,
      "f1-score": 0.9349760438056126,
      "support": 693.0
    },
    "2": {
      "precision": 0.9917169641710544,
      "recall": 0.967246993987976,
      "f1-score": 0.9793291484370046,
      "support": 15968.0
    },
    "3": {
      "precision": 0.5405128205128205,
      "recall": 0.7391304347826086,
      "f1-score": 0.6244075829383886,
      "support": 713.0
    },
    "4": {
      "precision": 0.6728110599078341,
      "recall": 0.6822429906542056,
      "f1-score": 0.6774941995359629,
      "support": 214.0
    },
    "5": {
      "precision": 0.5483870967741935,
      "recall": 0.5862068965517241,
      "f1-score": 0.5666666666666667,
      "support": 29.0
    },
    "6": {
      "precision": 0.6938775510204082,
      "recall": 0.7555555555555555,
      "f1-score": 0.723404255319149,
      "support": 45.0
    },
    "accuracy": 0.9507443082311734,
    "macro avg": {
      "precision": 0.7324145664691402,
      "recall": 0.7954874104993568,
      "f1-score": 0.7609238815929621,
      "support": 18272.0
    },
    "weighted avg": {
      "precision": 0.9583296332028564,
      "recall": 0.9507443082311734,
      "f1-score": 0.953664327286071,
      "support": 18272.0
    }
  },
  "confusion_matrix": [
    [
      520,
      2,
      24,
      47,
      16,
      0,
      1
    ],
    [
      1,
      683,
      9,
      0,
      0,
      0,
      0
    ],
    [
      45,
      83,
      15445,
      367,
      20,
      0,
      8
    ],
    [
      78,
      0,
      83,
      527,
      22,
      0,
      3
    ],
    [
      11,
      0,
      9,
      33,
      146,
      13,
      2
    ],
    [
      2,
      0,
      0,
      1,
      8,
      17,
      1
    ],
    [
      1,
      0,
      4,
      0,
      5,
      1,
      34
    ]
  ]
}