{
  "macro_f1": 0.7628292080761755,
  "report": {
    "0": {
      "precision": 0.7813884785819794,
      "recall": 0.8672131147540983,
      "f1-score": 0.822066822066822,
      "support": 610.0
    },
    "1": {
      "precision": 0.8605527638190955,
      "recall": 0.9884559884559885,
      "f1-score": 0.9200805910006716,
      "support": 693.0
    },
    "2": {
      "precision": 0.9862961553102398,
      "recall": 0.9735721442885772,
      "f1-score": 0.9798928458871731,
      "support": 15968.0
    },
    "3": {
      "precision": 0.581151832460733,
      "recall": 0.6227208976157083,
      "f1-score": 0.6012186865267434,
      "support": 713.0
    },
    "4": {
      "precision": 0.7277227722772277,
      "recall": 0.6869158878504673,
      "f1-score": 0.7067307692307693,
      "support": 214.0
    },
    "5": {
      "precision": 0.5333333333333333,
      "recall": 0.5517241379310345,
      "f1-score": 0.5423728813559322,
      "support": 29.0
    },
    "6": {
      "precision": 0.8048780487804879,
      "recall": 0.7333333333333333,
      "f1-score": 0.7674418604651163,
      "support": 45.0
    },
    "accuracy": 0.952276707530648,
    "macro avg": {
      "precision": 0.7536176263661566,
      "recall": 0.7748479291756011,
      "f1-score": 0.7628292080761755,
      "support": 18272.0
    },
    "weighted avg": {
      "precision": 0.9546829659549679,
      "recall": 0.952276707530648,
      "f1-score": 0.9531621376718374,
      "support": 18272.0
    }
  },
  "confusion_matrix": [
    [
      529,
      4,
      39,
      31,
      7,
      0,
      0
    ],
    [
      1,
      685,
      7,
      0,
      0,
      0,
      0
    ],
    [
      39,
      101,
      15546,
      265,
      14,
      0,
      3
    ],
    [
      91,
      5,
      150,
      444,
      21,
      0,
      2
    ],
    [
      13,
      0,
      16,
      23,
      147,
      13,
      2
    ],
    [
      2,
      0,
      0,
      0,
      10,
      16,
      1
    ],
    [
      2,
      1,
      4,
      1,
      3,
      1,
      33
    ]
  ],
  "labels": [
    0,
    1,
    2,
    3,
    4,
    5,
    6
  ]
}