{
  "macro_f1": 0.7510534591185312,
  "report": {
    "0": {
      "precision": 0.7520775623268698,
      "recall": 0.8901639344262295,
      "f1-score": 0.8153153153153153,
      "support": 610.0
    },
    "1": {
      "precision": 0.865992414664981,
      "recall": 0.9884559884559885,
      "f1-score": 0.9231805929919138,
      "support": 693.0
    },
    "2": {
      "precision": 0.9923066976984742,
      "recall": 0.9612349699398798,
      "f1-score": 0.9765237307545489,
      "support": 15968.0
    },
    "3": {
      "precision": 0.5064676616915423,
      "recall": 0.7138849929873773,
      "f1-score": 0.5925494761350407,
      "support": 713.0
    },
    "4": {
      "precision": 0.7058823529411765,
      "recall": 0.6728971962616822,
      "f1-score": 0.6889952153110048,
      "support": 214.0
    },
    "5": {
      "precision": 0.48484848484848486,
      "recall": 0.5517241379310345,
      "f1-score": 0.5161290322580645,
      "support": 29.0
    },
    "6": {
      "precision": 0.7142857142857143,
      "recall": 0.7777777777777778,
      "f1-score": 0.7446808510638298,
      "support": 45.0
    },
    "accuracy": 0.945764010507881,
    "macro avg": {
      "precision": 0.7174086983510347,
      "recall": 0.7937341425399956,
      "f1-score": 0.7510534591185312,
      "support": 18272.0
    },
    "weighted avg": {
      "precision": 0.9556932538720669,
      "recall": 0.945764010507881,
      "f1-score": 0.9494663177960032,
      "support": 18272.0
    }
  },
  "confusion_matrix": [
    [
      543,
      3,
      20,
      36,
      8,
      0,
      0
    ],
    [
      1,
      685,
      7,
      0,
      0,
      0,
      0
    ],
    [
      64,
      99,
      15349,
      429,
      19,
      1,
      7
    ],
    [
      95,
      3,
      83,
      509,
      20,
      0,
      3
    ],
    [
      15,
      0,
      8,
      29,
      144,
      15,
      3
    ],
    [
      2,
      0,
      0,
      0,
      10,
      16,
      1
    ],
    [
      2,
      1,
      1,
      2,
      3,
      1,
      35
    ]
  ],
  "labels": [
    0,
    1,
    2,
    3,
    4,
    5,
    6
  ]
}