{
  "macro_f1": 0.750222763912513,
  "report": {
    "0": {
      "precision": 0.7860394537177542,
      "recall": 0.8491803278688524,
      "f1-score": 0.8163908589440504,
      "support": 610.0
    },
    "1": {
      "precision": 0.8726114649681529,
      "recall": 0.9884559884559885,
      "f1-score": 0.9269282814614344,
      "support": 693.0
    },
    "2": {
      "precision": 0.9891553967848941,
      "recall": 0.9710671342685371,
      "f1-score": 0.9800278093793452,
      "support": 15968.0
    },
    "3": {
      "precision": 0.5646651270207852,
      "recall": 0.6858345021037868,
      "f1-score": 0.6193793540215327,
      "support": 713.0
    },
    "4": {
      "precision": 0.7035175879396985,
      "recall": 0.6542056074766355,
      "f1-score": 0.6779661016949152,
      "support": 214.0
    },
    "5": {
      "precision": 0.4473684210526316,
      "recall": 0.5862068965517241,
      "f1-score": 0.5074626865671642,
      "support": 29.0
    },
    "6": {
      "precision": 0.6938775510204082,
      "recall": 0.7555555555555555,
      "f1-score": 0.723404255319149,
      "support": 45.0
    },
    "accuracy": 0.9516746935201401,
    "macro avg": {
      "precision": 0.7224621432149035,
      "recall": 0.78435800175444,
      "f1-score": 0.750222763912513,
      "support": 18272.0
    },
    "weighted avg": {
      "precision": 0.9564576598753999,
      "recall": 0.9516746935201401,
      "f1-score": 0.9535582102538257,
      "support": 18272.0
    }
  },
  "confusion_matrix": [
    [
      518,
      3,
      29,
      52,
      8,
      0,
      0
    ],
    [
      1,
      685,
      7,
      0,
      0,
      0,
      0
    ],
    [
      43,
      93,
      15506,
      296,
      19,
      2,
      9
    ],
    [
      78,
      3,
      120,
      489,
      20,
      0,
      3
    ],
    [
      15,
      0,
      11,
      28,
      140,
      18,
      2
    ],
    [
      2,
      0,
      0,
      0,
      9,
      17,
      1
    ],
    [
      2,
      1,
      3,
      1,
      3,
      1,
      34
    ]
  ],
  "labels": [
    0,
    1,
    2,
    3,
    4,
    5,
    6
  ]
}