{
  "macro_f1": 0.7700367841317127,
  "report": {
    "0": {
      "precision": 0.837979094076655,
      "recall": 0.7885245901639344,
      "f1-score": 0.8125,
      "support": 610.0
    },
    "1": {
      "precision": 0.8973684210526316,
      "recall": 0.9841269841269841,
      "f1-score": 0.9387474191328287,
      "support": 693.0
    },
    "2": {
      "precision": 0.9862138746600898,
      "recall": 0.9766407815631263,
      "f1-score": 0.9814039835121614,
      "support": 15968.0
    },
    "3": {
      "precision": 0.5878787878787879,
      "recall": 0.6802244039270687,
      "f1-score": 0.6306892067620286,
      "support": 713.0
    },
    "4": {
      "precision": 0.679324894514768,
      "recall": 0.7523364485981309,
      "f1-score": 0.7139689578713969,
      "support": 214.0
    },
    "5": {
      "precision": 0.7058823529411765,
      "recall": 0.41379310344827586,
      "f1-score": 0.5217391304347826,
      "support": 29.0
    },
    "6": {
      "precision": 0.782608695652174,
      "recall": 0.8,
      "f1-score": 0.7912087912087912,
      "support": 45.0
    },
    "accuracy": 0.955122591943958,
    "macro avg": {
      "precision": 0.7824651601108975,
      "recall": 0.77080661597536,
      "f1-score": 0.7700367841317127,
      "support": 18272.0
    },
    "weighted avg": {
      "precision": 0.9578112848331833,
      "recall": 0.955122591943958,
      "f1-score": 0.9561318608786149,
      "support": 18272.0
    }
  },
  "confusion_matrix": [
    [
      481,
      3,
      52,
      59,
      15,
      0,
      0
    ],
    [
      1,
      682,
      10,
      0,
      0,
      0,
      0
    ],
    [
      21,
      73,
      15595,
      254,
      19,
      0,
      6
    ],
    [
      62,
      1,
      138,
      485,
      25,
      0,
      2
    ],
    [
      6,
      0,
      14,
      27,
      161,
      5,
      1
    ],
    [
      1,
      0,
      1,
      0,
      14,
      12,
      1
    ],
    [
      2,
      1,
      3,
      0,
      3,
      0,
      36
    ]
  ],
  "labels": [
    0,
    1,
    2,
    3,
    4,
    5,
    6
  ]
}