{
  "macro_f1": 0.7552358483624807,
  "report": {
    "0": {
      "precision": 0.7818181818181819,
      "recall": 0.8459016393442623,
      "f1-score": 0.8125984251968504,
      "support": 610.0
    },
    "1": {
      "precision": 0.8837209302325582,
      "recall": 0.987012987012987,
      "f1-score": 0.9325153374233128,
      "support": 693.0
    },
    "2": {
      "precision": 0.9895972940200396,
      "recall": 0.9710671342685371,
      "f1-score": 0.980244650251288,
      "support": 15968.0
    },
    "3": {
      "precision": 0.5698070374574348,
      "recall": 0.7040673211781207,
      "f1-score": 0.6298619824341279,
      "support": 713.0
    },
    "4": {
      "precision": 0.7,
      "recall": 0.6542056074766355,
      "f1-score": 0.6763285024154589,
      "support": 214.0
    },
    "5": {
      "precision": 0.45714285714285713,
      "recall": 0.5517241379310345,
      "f1-score": 0.5,
      "support": 29.0
    },
    "6": {
      "precision": 0.6981132075471698,
      "recall": 0.8222222222222222,
      "f1-score": 0.7551020408163265,
      "support": 45.0
    },
    "accuracy": 0.9523314360770578,
    "macro avg": {
      "precision": 0.7257427868883203,
      "recall": 0.7908858642048285,
      "f1-score": 0.7552358483624807,
      "support": 18272.0
    },
    "weighted avg": {
      "precision": 0.9573096509071892,
      "recall": 0.9523314360770578,
      "f1-score": 0.9542890886737182,
      "support": 18272.0
    }
  },
  "confusion_matrix": [
    [
      516,
      3,
      34,
      46,
      9,
      0,
      2
    ],
    [
      1,
      684,
      8,
      0,
      0,
      0,
      0
    ],
    [
      53,
      85,
      15506,
      299,
      15,
      1,
      9
    ],
    [
      77,
      1,
      109,
      502,
      22,
      0,
      2
    ],
    [
      10,
      0,
      11,
      33,
      140,
      18,
      2
    ],
    [
      1,
      0,
      0,
      0,
      11,
      16,
      1
    ],
    [
      2,
      1,
      1,
      1,
      3,
      0,
      37
    ]
  ],
  "labels": [
    0,
    1,
    2,
    3,
    4,
    5,
    6
  ]
}