{
  "macro_f1": 0.7760237195727397,
  "report": {
    "0": {
      "precision": 0.7962962962962963,
      "recall": 0.8459016393442623,
      "f1-score": 0.8203497615262321,
      "support": 610.0
    },
    "1": {
      "precision": 0.8992042440318302,
      "recall": 0.9783549783549783,
      "f1-score": 0.9371112646855563,
      "support": 693.0
    },
    "2": {
      "precision": 0.9872022301064369,
      "recall": 0.9758266533066132,
      "f1-score": 0.9814814814814815,
      "support": 15968.0
    },
    "3": {
      "precision": 0.5956151035322778,
      "recall": 0.6858345021037868,
      "f1-score": 0.6375488917861799,
      "support": 713.0
    },
    "4": {
      "precision": 0.7602040816326531,
      "recall": 0.6962616822429907,
      "f1-score": 0.7268292682926829,
      "support": 214.0
    },
    "5": {
      "precision": 0.5714285714285714,
      "recall": 0.5517241379310345,
      "f1-score": 0.5614035087719298,
      "support": 29.0
    },
    "6": {
      "precision": 0.8048780487804879,
      "recall": 0.7333333333333333,
      "f1-score": 0.7674418604651163,
      "support": 45.0
    },
    "accuracy": 0.9557246059544658,
    "macro avg": {
      "precision": 0.7735469394012219,
      "recall": 0.7810338466595714,
      "f1-score": 0.7760237195727397,
      "support": 18272.0
    },
    "weighted avg": {
      "precision": 0.9584436665525851,
      "recall": 0.9557246059544658,
      "f1-score": 0.9568223054940832,
      "support": 18272.0
    }
  },
  "confusion_matrix": [
    [
      516,
      1,
      38,
      48,
      7,
      0,
      0
    ],
    [
      1,
      678,
      14,
      0,
      0,
      0,
      0
    ],
    [
      39,
      74,
      15582,
      260,
      10,
      0,
      3
    ],
    [
      77,
      0,
      128,
      489,
      17,
      0,
      2
    ],
    [
      11,
      0,
      16,
      24,
      149,
      12,
      2
    ],
    [
      2,
      0,
      1,
      0,
      9,
      16,
      1
    ],
    [
      2,
      1,
      5,
      0,
      4,
      0,
      33
    ]
  ],
  "labels": [
    0,
    1,
    2,
    3,
    4,
    5,
    6
  ]
}