{
  "macro_f1": 0.756630023710314,
  "report": {
    "0": {
      "precision": 0.7759398496240602,
      "recall": 0.8459016393442623,
      "f1-score": 0.8094117647058824,
      "support": 610.0
    },
    "1": {
      "precision": 0.8669201520912547,
      "recall": 0.987012987012987,
      "f1-score": 0.9230769230769231,
      "support": 693.0
    },
    "2": {
      "precision": 0.9902269658586768,
      "recall": 0.9644914829659319,
      "f1-score": 0.9771898099679579,
      "support": 15968.0
    },
    "3": {
      "precision": 0.5097435897435898,
      "recall": 0.697054698457223,
      "f1-score": 0.5888625592417062,
      "support": 713.0
    },
    "4": {
      "precision": 0.6820276497695853,
      "recall": 0.6915887850467289,
      "f1-score": 0.6867749419953596,
      "support": 214.0
    },
    "5": {
      "precision": 0.5625,
      "recall": 0.6206896551724138,
      "f1-score": 0.5901639344262295,
      "support": 29.0
    },
    "6": {
      "precision": 0.7560975609756098,
      "recall": 0.6888888888888889,
      "f1-score": 0.7209302325581395,
      "support": 45.0
    },
    "accuracy": 0.9465302101576182,
    "macro avg": {
      "precision": 0.7347793954375395,
      "recall": 0.7850897338412052,
      "f1-score": 0.756630023710314,
      "support": 18272.0
    },
    "weighted avg": {
      "precision": 0.9547822433933363,
      "recall": 0.9465302101576182,
      "f1-score": 0.9497365272888062,
      "support": 18272.0
    }
  },
  "confusion_matrix": [
    [
      516,
      3,
      24,
      53,
      14,
      0,
      0
    ],
    [
      1,
      684,
      8,
      0,
      0,
      0,
      0
    ],
    [
      50,
      99,
      15401,
      389,
      19,
      2,
      8
    ],
    [
      85,
      2,
      104,
      497,
      23,
      0,
      2
    ],
    [
      10,
      0,
      12,
      33,
      148,
      11,
      0
    ],
    [
      1,
      0,
      1,
      0,
      9,
      18,
      0
    ],
    [
      2,
      1,
      3,
      3,
      4,
      1,
      31
    ]
  ]
}