{
  "macro_f1": 0.7449220249446517,
  "report": {
    "0": {
      "precision": 0.7535816618911175,
      "recall": 0.8622950819672132,
      "f1-score": 0.8042813455657493,
      "support": 610.0
    },
    "1": {
      "precision": 0.8638083228247163,
      "recall": 0.9884559884559885,
      "f1-score": 0.9219380888290714,
      "support": 693.0
    },
    "2": {
      "precision": 0.9906662375281622,
      "recall": 0.9638026052104208,
      "f1-score": 0.9770498047804971,
      "support": 15968.0
    },
    "3": {
      "precision": 0.5147058823529411,
      "recall": 0.6872370266479664,
      "f1-score": 0.5885885885885885,
      "support": 713.0
    },
    "4": {
      "precision": 0.6857142857142857,
      "recall": 0.6728971962616822,
      "f1-score": 0.6792452830188679,
      "support": 214.0
    },
    "5": {
      "precision": 0.5142857142857142,
      "recall": 0.6206896551724138,
      "f1-score": 0.5625,
      "support": 29.0
    },
    "6": {
      "precision": 0.6530612244897959,
      "recall": 0.7111111111111111,
      "f1-score": 0.6808510638297872,
      "support": 45.0
    },
    "accuracy": 0.9459829246935202,
    "macro avg": {
      "precision": 0.7108319041552476,
      "recall": 0.7866412378323995,
      "f1-score": 0.7449220249446517,
      "support": 18272.0
    },
    "weighted avg": {
      "precision": 0.9542082232047743,
      "recall": 0.9459829246935202,
      "f1-score": 0.9491582175564074,
      "support": 18272.0
    }
  },
  "confusion_matrix": [
    [
      526,
      3,
      22,
      45,
      13,
      0,
      1
    ],
    [
      1,
      685,
      7,
      0,
      0,
      0,
      0
    ],
    [
      60,
      102,
      15390,
      383,
      18,
      3,
      12
    ],
    [
      94,
      2,
      102,
      490,
      23,
      0,
      2
    ],
    [
      13,
      0,
      11,
      32,
      144,
      12,
      2
    ],
    [
      2,
      0,
      0,
      0,
      9,
      18,
      0
    ],
    [
      2,
      1,
      3,
      2,
      3,
      2,
      32
    ]
  ]
}