{
  "macro_f1": 0.749211701760936,
  "report": {
    "0": {
      "precision": 0.7681159420289855,
      "recall": 0.8688524590163934,
      "f1-score": 0.8153846153846154,
      "support": 610.0
    },
    "1": {
      "precision": 0.8726114649681529,
      "recall": 0.9884559884559885,
      "f1-score": 0.9269282814614344,
      "support": 693.0
    },
    "2": {
      "precision": 0.9907597535934292,
      "recall": 0.966933867735471,
      "f1-score": 0.9787018255578094,
      "support": 15968.0
    },
    "3": {
      "precision": 0.5436893203883495,
      "recall": 0.7068723702664796,
      "f1-score": 0.6146341463414634,
      "support": 713.0
    },
    "4": {
      "precision": 0.7035175879396985,
      "recall": 0.6542056074766355,
      "f1-score": 0.6779661016949152,
      "support": 214.0
    },
    "5": {
      "precision": 0.4473684210526316,
      "recall": 0.5862068965517241,
      "f1-score": 0.5074626865671642,
      "support": 29.0
    },
    "6": {
      "precision": 0.6938775510204082,
      "recall": 0.7555555555555555,
      "f1-score": 0.723404255319149,
      "support": 45.0
    },
    "accuracy": 0.9495402802101576,
    "macro avg": {
      "precision": 0.7171342915702364,
      "recall": 0.7895832492940354,
      "f1-score": 0.749211701760936,
      "support": 18272.0
    },
    "weighted avg": {
      "precision": 0.9564428436133384,
      "recall": 0.9495402802101576,
      "f1-score": 0.952180668041182,
      "support": 18272.0
    }
  },
  "confusion_matrix": [
    [
      530,
      3,
      26,
      43,
      8,
      0,
      0
    ],
    [
      1,
      685,
      7,
      0,
      0,
      0,
      0
    ],
    [
      54,
      93,
      15440,
      351,
      19,
      2,
      9
    ],
    [
      86,
      3,
      97,
      504,
      20,
      0,
      3
    ],
    [
      15,
      0,
      11,
      28,
      140,
      18,
      2
    ],
    [
      2,
      0,
      0,
      0,
      9,
      17,
      1
    ],
    [
      2,
      1,
      3,
      1,
      3,
      1,
      34
    ]
  ],
  "labels": [
    0,
    1,
    2,
    3,
    4,
    5,
    6
  ]
}