{
  "macro_f1": 0.7728564060780334,
  "report": {
    "0": {
      "precision": 0.7687861271676301,
      "recall": 0.8721311475409836,
      "f1-score": 0.8172043010752689,
      "support": 610.0
    },
    "1": {
      "precision": 0.871501272264631,
      "recall": 0.9884559884559885,
      "f1-score": 0.9263015551048005,
      "support": 693.0
    },
    "2": {
      "precision": 0.9862182323934758,
      "recall": 0.9769539078156313,
      "f1-score": 0.9815642106587806,
      "support": 15968.0
    },
    "3": {
      "precision": 0.6168478260869565,
      "recall": 0.6367461430575035,
      "f1-score": 0.6266390614216701,
      "support": 713.0
    },
    "4": {
      "precision": 0.7888198757763976,
      "recall": 0.5934579439252337,
      "f1-score": 0.6773333333333333,
      "support": 214.0
    },
    "5": {
      "precision": 0.5588235294117647,
      "recall": 0.6551724137931034,
      "f1-score": 0.6031746031746031,
      "support": 29.0
    },
    "6": {
      "precision": 0.7777777777777778,
      "recall": 0.7777777777777778,
      "f1-score": 0.7777777777777778,
      "support": 45.0
    },
    "accuracy": 0.955122591943958,
    "macro avg": {
      "precision": 0.7669678058398047,
      "recall": 0.7858136174808887,
      "f1-score": 0.7728564060780334,
      "support": 18272.0
    },
    "weighted avg": {
      "precision": 0.9566915767228412,
      "recall": 0.955122591943958,
      "f1-score": 0.9554659569156084,
      "support": 18272.0
    }
  },
  "confusion_matrix": [
    [
      532,
      3,
      37,
      34,
      4,
      0,
      0
    ],
    [
      1,
      685,
      7,
      0,
      0,
      0,
      0
    ],
    [
      46,
      94,
      15600,
      218,
      6,
      0,
      4
    ],
    [
      90,
      3,
      149,
      454,
      14,
      0,
      3
    ],
    [
      19,
      0,
      22,
      29,
      127,
      15,
      2
    ],
    [
      2,
      0,
      0,
      0,
      7,
      19,
      1
    ],
    [
      2,
      1,
      3,
      1,
      3,
      0,
      35
    ]
  ],
  "labels": [
    0,
    1,
    2,
    3,
    4,
    5,
    6
  ]
}