{
  "macro_f1": 0.784469612802991,
  "report": {
    "0": {
      "precision": 0.8355704697986577,
      "recall": 0.8163934426229508,
      "f1-score": 0.8258706467661692,
      "support": 610.0
    },
    "1": {
      "precision": 0.9396067415730337,
      "recall": 0.9653679653679653,
      "f1-score": 0.9523131672597864,
      "support": 693.0
    },
    "2": {
      "precision": 0.9828234704112337,
      "recall": 0.9818386773547094,
      "f1-score": 0.9823308270676692,
      "support": 15968.0
    },
    "3": {
      "precision": 0.6148825065274152,
      "recall": 0.6605890603085554,
      "f1-score": 0.6369168356997972,
      "support": 713.0
    },
    "4": {
      "precision": 0.7821229050279329,
      "recall": 0.6542056074766355,
      "f1-score": 0.712468193384224,
      "support": 214.0
    },
    "5": {
      "precision": 0.5862068965517241,
      "recall": 0.5862068965517241,
      "f1-score": 0.5862068965517241,
      "support": 29.0
    },
    "6": {
      "precision": 0.868421052631579,
      "recall": 0.7333333333333333,
      "f1-score": 0.7951807228915663,
      "support": 45.0
    },
    "accuracy": 0.9580779334500875,
    "macro avg": {
      "precision": 0.8013762917887967,
      "recall": 0.7711335690022677,
      "f1-score": 0.784469612802991,
      "support": 18272.0
    },
    "weighted avg": {
      "precision": 0.9586490318636339,
      "recall": 0.9580779334500875,
      "f1-score": 0.9582402471444412,
      "support": 18272.0
    }
  },
  "confusion_matrix": [
    [
      498,
      1,
      53,
      50,
      8,
      0,
      0
    ],
    [
      1,
      669,
      23,
      0,
      0,
      0,
      0
    ],
    [
      19,
      42,
      15678,
      222,
      6,
      0,
      1
    ],
    [
      67,
      0,
      160,
      471,
      13,
      0,
      2
    ],
    [
      8,
      0,
      30,
      23,
      140,
      12,
      1
    ],
    [
      1,
      0,
      2,
      0,
      8,
      17,
      1
    ],
    [
      2,
      0,
      6,
      0,
      4,
      0,
      33
    ]
  ],
  "labels": [
    0,
    1,
    2,
    3,
    4,
    5,
    6
  ]
}