{
  "macro_f1": 0.6812028868790492,
  "report": {
    "0": {
      "precision": 0.6994609164420486,
      "recall": 0.8508196721311475,
      "f1-score": 0.7677514792899408,
      "support": 610.0
    },
    "1": {
      "precision": 0.878748370273794,
      "recall": 0.9725829725829725,
      "f1-score": 0.9232876712328767,
      "support": 693.0
    },
    "2": {
      "precision": 0.9910773298083279,
      "recall": 0.9390656312625251,
      "f1-score": 0.9643706990803267,
      "support": 15968.0
    },
    "3": {
      "precision": 0.3572938689217759,
      "recall": 0.7110799438990182,
      "f1-score": 0.47560975609756095,
      "support": 713.0
    },
    "4": {
      "precision": 0.668918918918919,
      "recall": 0.46261682242990654,
      "f1-score": 0.5469613259668509,
      "support": 214.0
    },
    "5": {
      "precision": 0.6,
      "recall": 0.5172413793103449,
      "f1-score": 0.5555555555555556,
      "support": 29.0
    },
    "6": {
      "precision": 0.5609756097560976,
      "recall": 0.5111111111111111,
      "f1-score": 0.5348837209302325,
      "support": 45.0
    },
    "accuracy": 0.9211908931698775,
    "macro avg": {
      "precision": 0.6794964305887089,
      "recall": 0.7092167903895751,
      "f1-score": 0.6812028868790492,
      "support": 18272.0
    },
    "weighted avg": {
      "precision": 0.9468974201859497,
      "recall": 0.9211908931698775,
      "f1-score": 0.9305811317783133,
      "support": 18272.0
    }
  },
  "confusion_matrix": [
    [
      519,
      4,
      24,
      51,
      12,
      0,
      0
    ],
    [
      3,
      674,
      13,
      3,
      0,
      0,
      0
    ],
    [
      95,
      87,
      14995,
      773,
      7,
      0,
      11
    ],
    [
      103,
      2,
      85,
      507,
      14,
      0,
      2
    ],
    [
      21,
      0,
      12,
      71,
      99,
      6,
      5
    ],
    [
      1,
      0,
      0,
      5,
      8,
      15,
      0
    ],
    [
      0,
      0,
      1,
      9,
      8,
      4,
      23
    ]
  ]
}