{
  "macro_f1": 0.6082160491115344,
  "report": {
    "0": {
      "precision": 0.699055330634278,
      "recall": 0.8491803278688524,
      "f1-score": 0.7668393782383419,
      "support": 610.0
    },
    "1": {
      "precision": 0.8743523316062176,
      "recall": 0.974025974025974,
      "f1-score": 0.9215017064846417,
      "support": 693.0
    },
    "2": {
      "precision": 0.9909481334654774,
      "recall": 0.9392535070140281,
      "f1-score": 0.96440857795068,
      "support": 15968.0
    },
    "3": {
      "precision": 0.36336996336996336,
      "recall": 0.6956521739130435,
      "f1-score": 0.4773820981713186,
      "support": 713.0
    },
    "4": {
      "precision": 0.5804878048780487,
      "recall": 0.5560747663551402,
      "f1-score": 0.568019093078759,
      "support": 214.0
    },
    "5": {
      "precision": 0.5,
      "recall": 0.034482758620689655,
      "f1-score": 0.06451612903225806,
      "support": 29.0
    },
    "6": {
      "precision": 0.46153846153846156,
      "recall": 0.5333333333333333,
      "f1-score": 0.4948453608247423,
      "support": 45.0
    },
    "accuracy": 0.9211361646234676,
    "macro avg": {
      "precision": 0.6385360036417781,
      "recall": 0.6545718344472944,
      "f1-score": 0.6082160491115344,
      "support": 18272.0
    },
    "weighted avg": {
      "precision": 0.9454020423359609,
      "recall": 0.9211361646234676,
      "f1-score": 0.9299538861060506,
      "support": 18272.0
    }
  },
  "confusion_matrix": [
    [
      518,
      4,
      24,
      46,
      18,
      0,
      0
    ],
    [
      3,
      675,
      12,
      3,
      0,
      0,
      0
    ],
    [
      95,
      91,
      14998,
      755,
      16,
      0,
      13
    ],
    [
      103,
      2,
      89,
      496,
      20,
      0,
      3
    ],
    [
      21,
      0,
      11,
      52,
      119,
      0,
      11
    ],
    [
      1,
      0,
      0,
      5,
      21,
      1,
      1
    ],
    [
      0,
      0,
      1,
      8,
      11,
      1,
      24
    ]
  ]
}