{
  "macro_f1": 0.7528680581161107,
  "report": {
    "0": {
      "precision": 0.766566265060241,
      "recall": 0.8344262295081967,
      "f1-score": 0.7990580847723705,
      "support": 610.0
    },
    "1": {
      "precision": 0.868020304568528,
      "recall": 0.987012987012987,
      "f1-score": 0.9237002025658338,
      "support": 693.0
    },
    "2": {
      "precision": 0.9927334068643353,
      "recall": 0.9582289579158316,
      "f1-score": 0.9751760619483126,
      "support": 15968.0
    },
    "3": {
      "precision": 0.4864376130198915,
      "recall": 0.7545582047685835,
      "f1-score": 0.5915338097855964,
      "support": 713.0
    },
    "4": {
      "precision": 0.6542056074766355,
      "recall": 0.6542056074766355,
      "f1-score": 0.6542056074766355,
      "support": 214.0
    },
    "5": {
      "precision": 0.6129032258064516,
      "recall": 0.6551724137931034,
      "f1-score": 0.6333333333333333,
      "support": 29.0
    },
    "6": {
      "precision": 0.625,
      "recall": 0.7777777777777778,
      "f1-score": 0.693069306930693,
      "support": 45.0
    },
    "accuracy": 0.9427539404553416,
    "macro avg": {
      "precision": 0.7151237746851546,
      "recall": 0.8030545968933022,
      "f1-score": 0.7528680581161107,
      "support": 18272.0
    },
    "weighted avg": {
      "precision": 0.9552232785241906,
      "recall": 0.9427539404553416,
      "f1-score": 0.947377376375635,
      "support": 18272.0
    }
  },
  "confusion_matrix": [
    [
      509,
      2,
      25,
      63,
      11,
      0,
      0
    ],
    [
      1,
      684,
      8,
      0,
      0,
      0,
      0
    ],
    [
      57,
      98,
      15301,
      470,
      28,
      0,
      14
    ],
    [
      81,
      3,
      64,
      538,
      24,
      0,
      3
    ],
    [
      13,
      0,
      12,
      34,
      140,
      12,
      3
    ],
    [
      1,
      0,
      0,
      0,
      8,
      19,
      1
    ],
    [
      2,
      1,
      3,
      1,
      3,
      0,
      35
    ]
  ],
  "labels": [
    0,
    1,
    2,
    3,
    4,
    5,
    6
  ]
}