{
  "macro_f1": 0.758188245961595,
  "report": {
    "0": {
      "precision": 0.7726574500768049,
      "recall": 0.8245901639344262,
      "f1-score": 0.7977795400475813,
      "support": 610.0
    },
    "1": {
      "precision": 0.8811369509043928,
      "recall": 0.9841269841269841,
      "f1-score": 0.9297886843899114,
      "support": 693.0
    },
    "2": {
      "precision": 0.991360969634453,
      "recall": 0.9629884769539078,
      "f1-score": 0.9769687728326821,
      "support": 15968.0
    },
    "3": {
      "precision": 0.5038167938931297,
      "recall": 0.7405329593267882,
      "f1-score": 0.5996592844974447,
      "support": 713.0
    },
    "4": {
      "precision": 0.6715686274509803,
      "recall": 0.6401869158878505,
      "f1-score": 0.6555023923444976,
      "support": 214.0
    },
    "5": {
      "precision": 0.6129032258064516,
      "recall": 0.6551724137931034,
      "f1-score": 0.6333333333333333,
      "support": 29.0
    },
    "6": {
      "precision": 0.660377358490566,
      "recall": 0.7777777777777778,
      "f1-score": 0.7142857142857143,
      "support": 45.0
    },
    "accuracy": 0.945764010507881,
    "macro avg": {
      "precision": 0.7276887680366826,
      "recall": 0.7979108131144054,
      "f1-score": 0.758188245961595,
      "support": 18272.0
    },
    "weighted avg": {
      "precision": 0.955693364144446,
      "recall": 0.945764010507881,
      "f1-score": 0.9495167769221444,
      "support": 18272.0
    }
  },
  "confusion_matrix": [
    [
      503,
      2,
      27,
      68,
      10,
      0,
      0
    ],
    [
      1,
      682,
      10,
      0,
      0,
      0,
      0
    ],
    [
      51,
      87,
      15377,
      415,
      26,
      0,
      12
    ],
    [
      80,
      2,
      81,
      528,
      20,
      0,
      2
    ],
    [
      13,
      0,
      13,
      36,
      137,
      12,
      3
    ],
    [
      1,
      0,
      0,
      0,
      8,
      19,
      1
    ],
    [
      2,
      1,
      3,
      1,
      3,
      0,
      35
    ]
  ],
  "labels": [
    0,
    1,
    2,
    3,
    4,
    5,
    6
  ]
}