{
  "macro_f1": 0.5240158033779744,
  "report": {
    "0": {
      "precision": 0.7902208201892744,
      "recall": 0.8213114754098361,
      "f1-score": 0.8054662379421221,
      "support": 610.0
    },
    "1": {
      "precision": 0.9525862068965517,
      "recall": 0.9567099567099567,
      "f1-score": 0.9546436285097192,
      "support": 693.0
    },
    "2": {
      "precision": 0.0,
      "recall": 0.0,
      "f1-score": 0.0,
      "support": 15968.0
    },
    "3": {
      "precision": 0.6092436974789915,
      "recall": 0.6100981767180925,
      "f1-score": 0.6096706377014717,
      "support": 713.0
    },
    "4": {
      "precision": 0.6473429951690821,
      "recall": 0.6261682242990654,
      "f1-score": 0.6365795724465558,
      "support": 214.0
    },
    "5": {
      "precision": 0.0008768633345859953,
      "recall": 0.4827586206896552,
      "f1-score": 0.00175054704595186,
      "support": 29.0
    },
    "6": {
      "precision": 0.6,
      "recall": 0.7333333333333333,
      "f1-score": 0.66,
      "support": 45.0
    },
    "accuracy": 0.09741681260945709,
    "macro avg": {
      "precision": 0.5143243690097836,
      "recall": 0.604339969594277,
      "f1-score": 0.5240158033779744,
      "support": 18272.0
    },
    "weighted avg": {
      "precision": 0.09534394308232132,
      "recall": 0.09741681260945709,
      "f1-score": 0.09597068732218557,
      "support": 18272.0
    }
  },
  "confusion_matrix": [
    [
      501,
      1,
      0,
      45,
      13,
      50,
      0
    ],
    [
      1,
      663,
      0,
      0,
      0,
      29,
      0
    ],
    [
      36,
      32,
      0,
      210,
      16,
      15657,
      17
    ],
    [
      78,
      0,
      0,
      435,
      26,
      171,
      3
    ],
    [
      16,
      0,
      0,
      23,
      134,
      40,
      1
    ],
    [
      0,
      0,
      0,
      1,
      13,
      14,
      1
    ],
    [
      2,
      0,
      0,
      0,
      5,
      5,
      33
    ]
  ]
}