{
  "macro_f1": 0.69988927580856,
  "report": {
    "0": {
      "precision": 0.7316735822959889,
      "recall": 0.8672131147540983,
      "f1-score": 0.7936984246061516,
      "support": 610.0
    },
    "1": {
      "precision": 0.9648093841642229,
      "recall": 0.9494949494949495,
      "f1-score": 0.9570909090909091,
      "support": 693.0
    },
    "2": {
      "precision": 0.983119173595364,
      "recall": 0.9774549098196392,
      "f1-score": 0.9802788594397689,
      "support": 15968.0
    },
    "3": {
      "precision": 0.6146131805157593,
      "recall": 0.6016830294530154,
      "f1-score": 0.6080793763288448,
      "support": 713.0
    },
    "4": {
      "precision": 0.7175141242937854,
      "recall": 0.5934579439252337,
      "f1-score": 0.649616368286445,
      "support": 214.0
    },
    "5": {
      "precision": 0.14925373134328357,
      "recall": 0.3448275862068966,
      "f1-score": 0.20833333333333334,
      "support": 29.0
    },
    "6": {
      "precision": 0.673469387755102,
      "recall": 0.7333333333333333,
      "f1-score": 0.7021276595744681,
      "support": 45.0
    },
    "accuracy": 0.9519483362521891,
    "macro avg": {
      "precision": 0.6906360805662152,
      "recall": 0.7239235524267381,
      "f1-score": 0.69988927580856,
      "support": 18272.0
    },
    "weighted avg": {
      "precision": 0.9544539433757483,
      "recall": 0.9519483362521891,
      "f1-score": 0.9528638778473767,
      "support": 18272.0
    }
  },
  "confusion_matrix": [
    [
      529,
      0,
      37,
      32,
      10,
      2,
      0
    ],
    [
      1,
      658,
      33,
      0,
      0,
      1,
      0
    ],
    [
      67,
      24,
      15608,
      216,
      8,
      34,
      11
    ],
    [
      99,
      0,
      165,
      429,
      14,
      3,
      3
    ],
    [
      23,
      0,
      28,
      20,
      127,
      15,
      1
    ],
    [
      2,
      0,
      2,
      1,
      13,
      10,
      1
    ],
    [
      2,
      0,
      3,
      0,
      5,
      2,
      33
    ]
  ]
}