{
  "macro_f1": 0.7539840301016382,
  "report": {
    "0": {
      "precision": 0.7849624060150376,
      "recall": 0.8557377049180328,
      "f1-score": 0.8188235294117647,
      "support": 610.0
    },
    "1": {
      "precision": 0.8726114649681529,
      "recall": 0.9884559884559885,
      "f1-score": 0.9269282814614344,
      "support": 693.0
    },
    "2": {
      "precision": 0.9896498849987222,
      "recall": 0.970065130260521,
      "f1-score": 0.9797596457938014,
      "support": 15968.0
    },
    "3": {
      "precision": 0.5622171945701357,
      "recall": 0.697054698457223,
      "f1-score": 0.6224170319348779,
      "support": 713.0
    },
    "4": {
      "precision": 0.7035175879396985,
      "recall": 0.6542056074766355,
      "f1-score": 0.6779661016949152,
      "support": 214.0
    },
    "5": {
      "precision": 0.4594594594594595,
      "recall": 0.5862068965517241,
      "f1-score": 0.5151515151515151,
      "support": 29.0
    },
    "6": {
      "precision": 0.7,
      "recall": 0.7777777777777778,
      "f1-score": 0.7368421052631579,
      "support": 45.0
    },
    "accuracy": 0.9515105078809106,
    "macro avg": {
      "precision": 0.7246311425644582,
      "recall": 0.7899291148425576,
      "f1-score": 0.7539840301016382,
      "support": 18272.0
    },
    "weighted avg": {
      "precision": 0.9567925856186308,
      "recall": 0.9515105078809106,
      "f1-score": 0.9535689062082905,
      "support": 18272.0
    }
  },
  "confusion_matrix": [
    [
      522,
      3,
      29,
      48,
      8,
      0,
      0
    ],
    [
      1,
      685,
      7,
      0,
      0,
      0,
      0
    ],
    [
      45,
      93,
      15490,
      310,
      19,
      2,
      9
    ],
    [
      78,
      3,
      112,
      497,
      20,
      0,
      3
    ],
    [
      15,
      0,
      11,
      28,
      140,
      18,
      2
    ],
    [
      2,
      0,
      0,
      0,
      9,
      17,
      1
    ],
    [
      2,
      1,
      3,
      1,
      3,
      0,
      35
    ]
  ],
  "labels": [
    0,
    1,
    2,
    3,
    4,
    5,
    6
  ]
}