{
  "macro_f1": 0.7429144676449664,
  "report": {
    "0": {
      "precision": 0.734525447042641,
      "recall": 0.8754098360655738,
      "f1-score": 0.7988032909498878,
      "support": 610.0
    },
    "1": {
      "precision": 0.8872870249017037,
      "recall": 0.976911976911977,
      "f1-score": 0.929945054945055,
      "support": 693.0
    },
    "2": {
      "precision": 0.9874129448597534,
      "recall": 0.967810621242485,
      "f1-score": 0.9775135203516873,
      "support": 15968.0
    },
    "3": {
      "precision": 0.5286697247706422,
      "recall": 0.6465638148667602,
      "f1-score": 0.5817034700315458,
      "support": 713.0
    },
    "4": {
      "precision": 0.7165775401069518,
      "recall": 0.6261682242990654,
      "f1-score": 0.6683291770573566,
      "support": 214.0
    },
    "5": {
      "precision": 0.5,
      "recall": 0.5172413793103449,
      "f1-score": 0.5084745762711864,
      "support": 29.0
    },
    "6": {
      "precision": 0.7619047619047619,
      "recall": 0.7111111111111111,
      "f1-score": 0.735632183908046,
      "support": 45.0
    },
    "accuracy": 0.9471869527145359,
    "macro avg": {
      "precision": 0.7309110633694935,
      "recall": 0.7601738519724739,
      "f1-score": 0.7429144676449664,
      "support": 18272.0
    },
    "weighted avg": {
      "precision": 0.9527711884907784,
      "recall": 0.9471869527145359,
      "f1-score": 0.9493369118072783,
      "support": 18272.0
    }
  },
  "confusion_matrix": [
    [
      534,
      1,
      34,
      35,
      6,
      0,
      0
    ],
    [
      1,
      677,
      15,
      0,
      0,
      0,
      0
    ],
    [
      68,
      82,
      15454,
      344,
      16,
      0,
      4
    ],
    [
      103,
      2,
      129,
      461,
      16,
      0,
      2
    ],
    [
      18,
      0,
      14,
      31,
      134,
      14,
      3
    ],
    [
      1,
      0,
      0,
      0,
      12,
      15,
      1
    ],
    [
      2,
      1,
      5,
      1,
      3,
      1,
      32
    ]
  ]
}