{
  "macro_f1": 0.7309806470242398,
  "report": {
    "0": {
      "precision": 0.7421203438395415,
      "recall": 0.8491803278688524,
      "f1-score": 0.7920489296636085,
      "support": 610.0
    },
    "1": {
      "precision": 0.8745198463508322,
      "recall": 0.9855699855699855,
      "f1-score": 0.926729986431479,
      "support": 693.0
    },
    "2": {
      "precision": 0.9905648184050666,
      "recall": 0.9599198396793587,
      "f1-score": 0.9750015902296292,
      "support": 15968.0
    },
    "3": {
      "precision": 0.48255813953488375,
      "recall": 0.6984572230014026,
      "f1-score": 0.5707736389684813,
      "support": 713.0
    },
    "4": {
      "precision": 0.6650717703349283,
      "recall": 0.6495327102803738,
      "f1-score": 0.6572104018912529,
      "support": 214.0
    },
    "5": {
      "precision": 0.46875,
      "recall": 0.5172413793103449,
      "f1-score": 0.4918032786885246,
      "support": 29.0
    },
    "6": {
      "precision": 0.6956521739130435,
      "recall": 0.7111111111111111,
      "f1-score": 0.7032967032967034,
      "support": 45.0
    },
    "accuracy": 0.942042469352014,
    "macro avg": {
      "precision": 0.7027481560540423,
      "recall": 0.7672875109744899,
      "f1-score": 0.7309806470242398,
      "support": 18272.0
    },
    "weighted avg": {
      "precision": 0.9526796242185578,
      "recall": 0.942042469352014,
      "f1-score": 0.9461314797393887,
      "support": 18272.0
    }
  },
  "confusion_matrix": [
    [
      518,
      1,
      28,
      52,
      11,
      0,
      0
    ],
    [
      1,
      683,
      8,
      1,
      0,
      0,
      0
    ],
    [
      65,
      94,
      15328,
      448,
      25,
      1,
      7
    ],
    [
      96,
      2,
      95,
      498,
      19,
      0,
      3
    ],
    [
      15,
      0,
      11,
      31,
      139,
      15,
      3
    ],
    [
      1,
      0,
      0,
      0,
      12,
      15,
      1
    ],
    [
      2,
      1,
      4,
      2,
      3,
      1,
      32
    ]
  ]
}