{
  "macro_f1": 0.7743698376400523,
  "report": {
    "0": {
      "precision": 0.7975646879756468,
      "recall": 0.8590163934426229,
      "f1-score": 0.8271507498026835,
      "support": 610.0
    },
    "1": {
      "precision": 0.8970976253298153,
      "recall": 0.9812409812409812,
      "f1-score": 0.9372846312887664,
      "support": 693.0
    },
    "2": {
      "precision": 0.9877090724784592,
      "recall": 0.9763276553106213,
      "f1-score": 0.9819853867472915,
      "support": 15968.0
    },
    "3": {
      "precision": 0.6082089552238806,
      "recall": 0.6858345021037868,
      "f1-score": 0.6446934739617667,
      "support": 713.0
    },
    "4": {
      "precision": 0.7487437185929648,
      "recall": 0.6962616822429907,
      "f1-score": 0.7215496368038741,
      "support": 214.0
    },
    "5": {
      "precision": 0.5357142857142857,
      "recall": 0.5172413793103449,
      "f1-score": 0.5263157894736842,
      "support": 29.0
    },
    "6": {
      "precision": 0.8095238095238095,
      "recall": 0.7555555555555555,
      "f1-score": 0.7816091954022989,
      "support": 45.0
    },
    "accuracy": 0.9567097197898424,
    "macro avg": {
      "precision": 0.7692231649769802,
      "recall": 0.7816397356009863,
      "f1-score": 0.7743698376400523,
      "support": 18272.0
    },
    "weighted avg": {
      "precision": 0.9591610119265845,
      "recall": 0.9567097197898424,
      "f1-score": 0.9576924531163589,
      "support": 18272.0
    }
  },
  "confusion_matrix": [
    [
      524,
      1,
      38,
      39,
      8,
      0,
      0
    ],
    [
      1,
      680,
      12,
      0,
      0,
      0,
      0
    ],
    [
      35,
      77,
      15590,
      252,
      11,
      0,
      3
    ],
    [
      80,
      0,
      125,
      489,
      17,
      0,
      2
    ],
    [
      13,
      0,
      14,
      23,
      149,
      13,
      2
    ],
    [
      2,
      0,
      1,
      0,
      10,
      15,
      1
    ],
    [
      2,
      0,
      4,
      1,
      4,
      0,
      34
    ]
  ],
  "labels": [
    0,
    1,
    2,
    3,
    4,
    5,
    6
  ]
}