{
  "macro_f1": 0.779754120262484,
  "report": {
    "0": {
      "precision": 0.8209677419354838,
      "recall": 0.8344262295081967,
      "f1-score": 0.8276422764227642,
      "support": 610.0
    },
    "1": {
      "precision": 0.9190672153635117,
      "recall": 0.9668109668109668,
      "f1-score": 0.9423347398030942,
      "support": 693.0
    },
    "2": {
      "precision": 0.9852005793815731,
      "recall": 0.9797094188376754,
      "f1-score": 0.9824473262787704,
      "support": 15968.0
    },
    "3": {
      "precision": 0.6192959582790091,
      "recall": 0.6661991584852734,
      "f1-score": 0.6418918918918919,
      "support": 713.0
    },
    "4": {
      "precision": 0.745,
      "recall": 0.6962616822429907,
      "f1-score": 0.7198067632850241,
      "support": 214.0
    },
    "5": {
      "precision": 0.5294117647058824,
      "recall": 0.6206896551724138,
      "f1-score": 0.5714285714285714,
      "support": 29.0
    },
    "6": {
      "precision": 0.7906976744186046,
      "recall": 0.7555555555555555,
      "f1-score": 0.7727272727272727,
      "support": 45.0
    },
    "accuracy": 0.9576948336252189,
    "macro avg": {
      "precision": 0.7728058477262948,
      "recall": 0.7885218095161531,
      "f1-score": 0.779754120262484,
      "support": 18272.0
    },
    "weighted avg": {
      "precision": 0.9589157787418324,
      "recall": 0.9576948336252189,
      "f1-score": 0.9582240800912273,
      "support": 18272.0
    }
  },
  "confusion_matrix": [
    [
      509,
      1,
      46,
      45,
      9,
      0,
      0
    ],
    [
      1,
      670,
      22,
      0,
      0,
      0,
      0
    ],
    [
      25,
      58,
      15644,
      227,
      11,
      0,
      3
    ],
    [
      73,
      0,
      144,
      475,
      18,
      0,
      3
    ],
    [
      9,
      0,
      18,
      20,
      149,
      16,
      2
    ],
    [
      1,
      0,
      1,
      0,
      8,
      18,
      1
    ],
    [
      2,
      0,
      4,
      0,
      5,
      0,
      34
    ]
  ],
  "labels": [
    0,
    1,
    2,
    3,
    4,
    5,
    6
  ]
}